row,request_id,http_status,category,client_latency_ms,error
5521,golden-5521,200,Debt collection,67497.4,
5737,golden-5737,200,Bank account or service,75079.0,
5740,golden-5740,200,Bank account or service,52273.6,
5660,golden-5660,200,Bank account or service,73651.3,
5411,golden-5411,200,Money transfer or service,102198.2,
5678,golden-5678,200,Mortgage,27185.5,
5626,golden-5626,200,Consumer loan,74424.5,
5513,golden-5513,200,Mortgage,37878.4,
5859,golden-5859,200,Bank account or service,41658.1,
5136,golden-5136,200,Mortgage,29067.6,
5811,golden-5811,200,Bank account or service,24986.7,
5076,golden-5076,200,Mortgage,21474.9,
5636,golden-5636,200,Debt collection,49610.2,
5973,golden-5973,200,Mortgage,46079.6,
5938,golden-5938,200,Credit card,37717.8,
5899,golden-5899,200,Money transfer or service,28271.8,
5280,golden-5280,200,Money transfer or service,34374.6,
5883,golden-5883,200,Credit reporting,28910.6,
5761,golden-5761,200,Money transfer or service,56523.0,
5319,golden-5319,200,Consumer loan,47814.0,
5549,golden-5549,200,Debt collection,98607.0,
5174,golden-5174,200,Debt collection,61500.0,
5371,golden-5371,200,Money transfer or service,38182.3,
5527,golden-5527,200,Money transfer or service,64623.5,
5210,golden-5210,200,Consumer loan,56849.9,
5235,golden-5235,200,Money transfer or service,27752.8,
5101,golden-5101,200,Bank account or service,94467.5,
5986,golden-5986,200,Money transfer or service,75025.0,
5902,golden-5902,200,Debt collection,71280.7,
5947,golden-5947,200,Consumer loan,70385.4,
5346,golden-5346,200,Money transfer or service,35737.5,
5139,golden-5139,200,Debt collection,57093.1,
5621,golden-5621,200,Credit reporting,26530.8,
5499,golden-5499,200,Consumer loan,64297.5,
5370,golden-5370,200,Credit reporting,14332.6,
5198,golden-5198,200,Credit reporting,20961.9,
5687,golden-5687,200,Bank account or service,29158.4,
5584,golden-5584,200,Mortgage,14555.1,
5901,golden-5901,200,Mortgage,39952.7,
5059,golden-5059,200,Credit reporting,56627.6,
5328,golden-5328,200,Money transfer or service,50929.6,
5096,golden-5096,200,Credit card,35740.2,
5312,golden-5312,200,Credit reporting,46550.1,
5974,golden-5974,200,Mortgage,28382.8,
5299,golden-5299,200,Debt collection,37230.2,
5277,golden-5277,200,Bank account or service,46863.5,
5924,golden-5924,200,Credit reporting,48898.1,
5601,golden-5601,200,Bank account or service,14129.9,
5439,golden-5439,200,Bank account or service,37493.9,
5837,golden-5837,200,Credit reporting,29507.0,
5570,golden-5570,200,Credit reporting,29193.1,
5879,golden-5879,200,Mortgage,48818.4,
5261,golden-5261,200,Mortgage,57417.9,
5578,golden-5578,200,Bank account or service,60566.4,
5023,golden-5023,200,Debt collection,74039.9,
5030,golden-5030,200,Credit reporting,34247.8,
5617,golden-5617,200,Credit reporting,61379.8,
5010,golden-5010,200,Debt collection,116930.6,
5221,golden-5221,200,Money transfer or service,102149.7,
5820,golden-5820,200,Consumer loan,43270.8,
5296,golden-5296,200,Bank account or service,33880.3,
5054,golden-5054,200,Credit card,42146.4,
5542,golden-5542,200,Credit card,81522.8,
5209,golden-5209,200,Bank account or service,27722.9,
5604,golden-5604,200,Consumer loan,41744.5,
5692,golden-5692,200,Credit reporting,54661.8,
5662,golden-5662,200,Credit card,43079.5,
5866,golden-5866,200,Credit reporting,30438.3,
5070,golden-5070,200,Debt collection,52630.6,
5543,golden-5543,200,Bank account or service,31646.8,
5107,golden-5107,200,Debt collection,78934.6,
5493,golden-5493,200,Credit card,42330.4,
5590,golden-5590,200,Credit card,30882.6,
5741,golden-5741,200,Credit card,35036.6,
5292,golden-5292,200,Mortgage,51765.7,
5289,golden-5289,200,Money transfer or service,28397.8,
5652,golden-5652,200,Money transfer or service,41548.1,
5039,golden-5039,200,Bank account or service,41949.6,
5589,golden-5589,200,Money transfer or service,45849.5,
5307,golden-5307,200,Debt collection,36465.0,
5679,golden-5679,200,Credit reporting,101592.0,
5066,golden-5066,200,Debt collection,87504.9,
5275,golden-5275,200,Money transfer or service,49139.5,
5067,golden-5067,200,Bank account or service,27708.6,
5318,golden-5318,200,Bank account or service,67824.3,
5548,golden-5548,200,Mortgage,33425.1,
5998,golden-5998,200,Credit reporting,30096.9,
5714,golden-5714,200,Consumer loan,37424.3,
5753,golden-5753,200,Credit reporting,16027.1,
5327,golden-5327,200,Credit card,67242.7,
5382,golden-5382,200,Bank account or service,50471.0,
5451,golden-5451,200,Bank account or service,83313.7,
5522,golden-5522,200,Bank account or service,44725.5,
5218,golden-5218,200,Credit reporting,38228.7,
5787,golden-5787,200,Mortgage,23228.9,
5436,golden-5436,200,Credit reporting,64643.7,
5764,golden-5764,200,Credit reporting,58178.6,
5088,golden-5088,200,Mortgage,20758.8,
5063,golden-5063,200,Money transfer or service,72747.3,
5826,golden-5826,200,Bank account or service,36936.5,
5716,golden-5716,200,Credit reporting,35096.8,
5351,golden-5351,200,Mortgage,18848.9,
5936,golden-5936,200,Credit card,36104.5,
5256,golden-5256,200,Mortgage,32808.6,
5635,golden-5635,200,Credit reporting,28744.5,
5644,golden-5644,200,Bank account or service,68719.3,
5554,golden-5554,200,Credit reporting,24168.4,
5959,golden-5959,200,Debt collection,22666.7,
5168,golden-5168,200,Mortgage,37560.2,
5917,golden-5917,200,Credit card,75826.7,
5528,golden-5528,200,Consumer loan,41545.1,
5823,golden-5823,200,Bank account or service,39470.4,
5985,golden-5985,200,Credit reporting,39228.4,
5816,golden-5816,200,Bank account or service,103759.9,
5086,golden-5086,200,Credit card,24989.2,
5432,golden-5432,200,Credit reporting,28003.1,
5184,golden-5184,200,Credit reporting,25340.6,
5978,golden-5978,200,Mortgage,31758.5,
5534,golden-5534,200,Bank account or service,26794.9,
5294,golden-5294,200,Bank account or service,20227.2,
5892,golden-5892,200,Bank account or service,55212.6,
5425,golden-5425,200,Debt collection,129109.9,
5713,golden-5713,200,Credit reporting,25423.2,
5260,golden-5260,200,Bank account or service,27728.9,
5237,golden-5237,200,Credit card,26810.7,
5559,golden-5559,200,Money transfer or service,51519.2,
5583,golden-5583,200,Bank account or service,51238.7,
5445,golden-5445,200,Mortgage,33911.2,
5867,golden-5867,200,Credit reporting,96505.1,
5800,golden-5800,200,Money transfer or service,22537.8,
5599,golden-5599,200,Consumer loan,49597.8,
5849,golden-5849,200,Bank account or service,73926.8,
5265,golden-5265,200,Money transfer or service,66935.2,
5995,golden-5995,200,Money transfer or service,53475.9,
5529,golden-5529,200,Bank account or service,21429.3,
5055,golden-5055,200,Money transfer or service,49903.8,
5120,golden-5120,200,Consumer loan,37726.7,
5215,golden-5215,200,Credit card,39288.4,
5025,golden-5025,200,Credit reporting,24654.7,
5072,golden-5072,200,Debt collection,103162.1,
5044,golden-5044,200,Credit reporting,15328.9,
5247,golden-5247,200,Credit card,64199.4,
5721,golden-5721,200,Money transfer or service,16591.3,
5281,golden-5281,200,Credit reporting,45014.3,
5893,golden-5893,200,Credit reporting,27272.8,
5914,golden-5914,200,Bank account or service,18880.9,
5810,golden-5810,200,Money transfer or service,33111.9,
5244,golden-5244,200,Consumer loan,75112.3,
5822,golden-5822,200,Debt collection,54513.5,
5321,golden-5321,200,Credit reporting,25120.7,
