"(PDH-CSV 4.0) (Malay Peninsula Standard Time)(-480)","\\DESKTOP-PGFAHG3\Processor(_Total)\% Processor Time","\\DESKTOP-PGFAHG3\Process(ollama)\% Processor Time","\\DESKTOP-PGFAHG3\Process(vmmem)\% Processor Time","\\DESKTOP-PGFAHG3\Process(vmmemWSL)\% Processor Time"
"10/08/2026 18:40:45.806"," "," "," "," "
"10/08/2026 18:40:50.852","59.35105693388922532","0","0","1.2456463166457649727"
"10/08/2026 18:40:55.867","59.247655296757287147","0.31153249844218794395","0.31153249844218794395","1.8691949906531279968"
"10/08/2026 18:41:00.891","59.048517995625218191","0","0.31104852317147263507","1.2441940926858905403"
"10/08/2026 18:41:05.916","58.558112084157713184","0.31093560832994604493","0","0.93280682498983813478"
"10/08/2026 18:41:10.933","58.729242209948175457","0","0","1.557019850652848314"
"10/08/2026 18:41:15.954","58.629510535038150465","0","0.31120255918644457171","3.1120255918644463833"
"10/08/2026 18:41:20.969","58.381521783762821087","0","0","1.558015066668785753"
"10/08/2026 18:41:25.985","59.207036162208751762","0","0","1.868825847916686822"
"10/08/2026 18:41:31.007","59.836831299323002042","0.93334889346237037699","0","0.93334889346237037699"
"10/08/2026 18:41:36.023","59.804729349808447125","0","0","0.31151577835890614798"
"10/08/2026 18:41:41.037","59.690906240926821624","0.93492944887748929972","0","2.181502047380808218"
"10/08/2026 18:41:46.045","58.97579505271074396","0","0","1.8718268417014110039"
"10/08/2026 18:41:51.066","58.265110091627072109","0.9337099778289942309","0","1.5561832963816573105"
"10/08/2026 18:41:56.074","58.562142287679129993","0","0","2.1840187614549910755"
"10/08/2026 18:42:01.094","58.885532721608413453","0","0.31125218377022151328","1.8675131026213289687"
"10/08/2026 18:42:06.105","59.39694930535502948","1.5590324001356183903","0","0.93541944008137101196"
"10/08/2026 18:42:11.117","59.135501733091480503","0","0","0.93515897912120671265"
"10/08/2026 18:42:16.131","61.459295103624398848","0.62335231775257726738","0","1.5583807943814431685"
"10/08/2026 18:42:21.145","60.235204346428417921","0","0.31157528816526580684","1.2463011526610632274"
"10/08/2026 18:42:26.165","58.994832358527624194","0","0","2.8017765365196551919"
"10/08/2026 18:42:31.185","58.072968370512036529","0.9336569187373698897","0","1.5560948645622831865"
"10/08/2026 18:42:36.205","58.687446275740931867","0","0","1.5563948234098994305"
"10/08/2026 18:42:41.216","58.577393115878329866","0.93544348362785323392","0","3.7417739345114129357"
"10/08/2026 18:42:46.230","57.961562667192424669","0.31161222300889213077","0","0.93483666902667639231"
"10/08/2026 18:42:51.251","58.435475170886121532","0","0","1.5559952861857235806"
"10/08/2026 18:42:56.263","57.561121762300615501","0.31176403112229084114","0","2.4941122489783267291"
"10/08/2026 18:43:01.275","61.102657592474820092","0","0","0.9351727851173241568"
"10/08/2026 18:43:06.298","59.902026982435721436","1.2442522266092674865","0.31106305665231687163","2.488504453218534973"
"10/08/2026 18:43:11.311","58.980573174104897305","0.93513774853342968019","0","2.1819880799113358094"
"10/08/2026 18:43:16.331","58.703140063102509316","0","0","1.8674039237114403722"
"10/08/2026 18:43:21.351","58.686585029993374008","0.3112854389258168375","0.3112854389258168375","2.1789980724807178625"
"10/08/2026 18:43:26.361","60.240275021990520088","0","0","1.2473639208787286048"
"10/08/2026 18:43:31.368","58.953631217401259335","0.62413104730807489329","0","1.8723931419242243468"
"10/08/2026 18:43:36.385","58.719170808204125933","0","0","1.8688798669668513774"
"10/08/2026 18:43:41.404","59.755140697950260176","0","0.31129694315566402985","3.7355633178679683581"
"10/08/2026 18:43:46.426","59.943701083588777578","0.9333506775608220174","0.3111168925202740243","2.4889351401621921944"
"10/08/2026 18:43:51.445","58.205440885498063608","0","0","0.93395660599511864941"
"10/08/2026 18:43:56.462","57.925666850557355758","0.62289090385735712552","0","1.8686727115720711545"
"10/08/2026 18:44:01.480","59.327576997280196736","0","0","1.5568391770682621367"
"10/08/2026 18:44:06.498","59.18370828810346751","0","0","1.8685569540245496878"
"10/08/2026 18:44:11.506","59.187844728675564454","0.31198972209013825507","0","2.8079074988112440181"
"10/08/2026 18:44:16.524","58.763498328289706762","0","0","1.245463027284209101"
"10/08/2026 18:44:21.531","58.786119103374709027","0.3120786002660607128","0","2.4966288021284857024"
"10/08/2026 18:44:26.552","58.736680967310547885","0","0.31120107782128175744","2.8008097003915355394"
"10/08/2026 18:44:31.560","58.915657516930572513","0.62396725930977126051","0.62396725930977126051","1.8719017779293138926"
"10/08/2026 18:44:36.573","58.271581113240380034","0","0","0.93509060813545386015"
"10/08/2026 18:44:41.590","59.615608668435470463","0.31139771437067070847","0","4.6709657155600599054"
"10/08/2026 18:44:46.606","58.684559781092914932","0","0","0.62304151882888292313"
"10/08/2026 18:44:51.628","59.019225827635303006","0.62224662092705984584","0","4.044603036025889331"
"10/08/2026 18:44:56.645","59.075152115092819827","0","0","1.8686255948806955729"
"10/08/2026 18:45:01.652","58.894121553244879408","0.93621932685840381083","0.31207310895280127028","0.93621932685840381083"
"10/08/2026 18:45:06.664","59.842744482579334431","0","0","0.9352490426042600058"
"10/08/2026 18:45:11.679","58.31071962400733355","0.62309994395490175823","0","1.8692998318647051637"
"10/08/2026 18:45:16.706","59.144524302432358809","0.3108357542879667812","0.3108357542879667812","4.3517005600315350478"
"10/08/2026 18:45:21.719","58.046416339685322328","0","0","1.87023176929491175"
"10/08/2026 18:45:26.742","58.76295336452312057","1.2443050150349872496","0.31107625375874681239","1.8664575225524808744"
"10/08/2026 18:45:31.753","59.725306892343880349","0","0","1.8709753449355093213"
"10/08/2026 18:45:36.772","59.418996499424011404","0.62252737108424305301","0","2.17884579879485063"
"10/08/2026 18:45:41.785","59.847632110965150787","0","0","0.9351352113747712913"
"10/08/2026 18:45:46.803","59.118154336493702772","0.93421976755217084332","0","2.1798461242883986344"
"10/08/2026 18:45:51.814","58.886432905492604561","0","0","0.93528492729528944771"
"10/08/2026 18:45:56.836","59.313707117374406153","0.31117624381177494408","0","1.8670574628706497755"
"10/08/2026 18:46:01.855","58.760033693720870929","0.31131844066938985094","0","2.8018659660245086584"
"10/08/2026 18:46:06.866","60.4501395845545062","0","0","0.93539950428914842018"
"10/08/2026 18:46:11.877","58.432285608680565758","0.935419738751385621","0","0.935419738751385621"
"10/08/2026 18:46:16.885","58.643290667390580495","0.62395791540632150607","0","0.93593687310948237013"
"10/08/2026 18:46:21.903","59.187627454487568457","0","0","2.1797737917949828734"
"10/08/2026 18:46:26.926","59.265230921064841141","0.62220173480595308835","0","1.8666052044178593761"
"10/08/2026 18:46:31.939","59.324693716252774323","0","0.31168817075668375782","1.8701290245401025469"
"10/08/2026 18:46:36.962","59.288834177009078985","0.62213815205777123207","0","0.62213815205777123207"
"10/08/2026 18:46:41.976","59.289631652333675049","0.62316756331671596669","0","3.7390053799002953561"
"10/08/2026 18:46:46.992","58.67663114707754346","0","0","0.93452141857301063155"
"10/08/2026 18:46:52.006","58.637687850240347132","0","0","1.2466154639476911825"
"10/08/2026 18:46:57.021","59.119057443313913325","3.4270282354426520044","0","2.1808361498271420231"
"10/08/2026 18:47:02.044","58.567961562748415361","0","0.31108054569162002512","4.0440470939910611037"
"10/08/2026 18:47:07.065","58.260134822924612763","0.31120122037882219646","0","2.4896097630305775716"
"10/08/2026 18:47:12.087","58.77747713550613895","0","0","1.8666802806563260742"
"10/08/2026 18:47:17.098","60.187417448620337268","0.93539106729966614573","0","2.1825791570325545621"
"10/08/2026 18:47:22.111","58.961119044398614619","0","0.31171236519562373068","0.62342473039124746137"
"10/08/2026 18:47:27.127","58.985218317652751807","0","0","3.1152931825841134739"
"10/08/2026 18:47:32.142","58.632880223301533817","0.62308677467315964904","0.93463016200973936254","3.1154338733657978011"
"10/08/2026 18:47:37.157","58.901398301701576088","0","0","1.5578716257148661484"
"10/08/2026 18:47:42.179","57.997731683367078404","0","0","1.555639567282700586"
"10/08/2026 18:47:47.204","58.195818025329600687","0","0","2.1766938469307892667"
"10/08/2026 18:47:52.225","58.481421033368022222","0.62229252966194681385","0","1.2445850593238936277"
"10/08/2026 18:47:57.243","58.699139065188376208","0","0","0.62282163151803515699"
"10/08/2026 18:48:02.257","58.279605295502534545","0","0","0.62327389281575817925"
"10/08/2026 18:48:07.272","59.10292747270309377","0.31152256058346211587","0","1.5576128029173106349"
"10/08/2026 18:48:12.287","59.152761416499586744","0.3115880006174727157","0","1.8695280037048362942"
"10/08/2026 18:48:17.307","59.976832792142346307","0","0","1.556186365174124786"
"10/08/2026 18:48:22.330","59.721446613322036967","0.31110636171991223886","0","1.2444254468796489554"
"10/08/2026 18:48:27.353","59.258974785175013267","0","0","1.2442976080359406943"
"10/08/2026 18:48:32.369","58.837210081147020446","0.31147062695439098334","0","1.8688237617263459001"
"10/08/2026 18:48:37.395","58.803208494920930605","0","0.31091918117040806546","0.93275754351122408536"
"10/08/2026 18:48:42.412","59.489128688790202659","0","0","2.8025777537207270385"
"10/08/2026 18:48:47.427","58.774668627754358852","0","0","1.8694529219010764809"
"10/08/2026 18:48:52.447","59.515836298304968466","0","0","1.8676019431267696369"
"10/08/2026 18:48:57.461","59.097728102201244837","0","0","1.869818098311425425"
"10/08/2026 18:49:02.486","59.471422962781019805","1.2437443885984418301","0","1.8656165828976629673"
"10/08/2026 18:49:07.499","58.822074749575378405","0","0","0.93497655437832605241"
"10/08/2026 18:49:12.522","58.265039390741144132","0.93327655029927569785","0","0.93327655029927569785"
"10/08/2026 18:49:17.536","58.856115749990145503","0","0","1.2464892629907864396"
"10/08/2026 18:49:22.563","59.59236479207399384","0","0","1.8649677788273539836"
"10/08/2026 18:49:27.577","58.331419942716145499","1.5580680132136930371","0","2.1812952184991702964"
"10/08/2026 18:49:32.602","58.944287460236630238","0.31095450635071592016","0","2.7985905571564431149"
"10/08/2026 18:49:37.623","57.961242025448342474","0","0","0.93354630071996869134"
"10/08/2026 18:49:42.643","59.478499674312800494","1.2450197467103938376","0.31125493667759845939","1.8675296200655908674"
"10/08/2026 18:49:47.666","58.441127157999325448","0","0","2.4886716165747837515"
"10/08/2026 18:49:52.687","59.623735903937898684","0","0","1.5559254370656789845"
"10/08/2026 18:49:57.710","59.634059484448101784","0.93331652069397175175","0","1.8666330413879435035"
"10/08/2026 18:50:02.729","58.493167476488025613","0.6225538489655675356","0","1.556384622413918839"
"10/08/2026 18:50:07.745","59.533840697129903674","0","0","1.2460111942044411748"
"10/08/2026 18:50:12.775","59.044877366654155537","0","0","2.1744364640997111415"
"10/08/2026 18:50:17.792","57.867361804733199904","0.93433428856348910152","0","3.1144476285449638198"
"10/08/2026 18:50:22.817","58.867090097889771982","0","0","1.554752110522506614"
"10/08/2026 18:50:27.834","59.974864339397001345","0.31147965494632684491","0","1.557398274731634169"
"10/08/2026 18:50:32.843","58.967369276991313143","0.62377394735551483507","0","0.62377394735551483507"
"10/08/2026 18:50:37.871","59.909367174743564988","0.31078009942059248161","0","1.8646805965235551117"
"10/08/2026 18:50:42.887","59.22365564920028902","0","0.31149273218179834855","1.5574636609089917982"
"10/08/2026 18:50:47.901","58.728864766756927906","0","0","1.5581362524486672694"
"10/08/2026 18:50:52.913","59.239507693496193497","1.2469749385570556566","0","1.5587186731963196262"
"10/08/2026 18:50:57.939","59.154212063988417469","0","0","2.4872791589605780516"
"10/08/2026 18:51:02.963","58.921315044276070694","0.31098129795294299216","0","1.8658877877176578419"
"10/08/2026 18:51:07.988","58.378747738235659881","0","0","1.8658137778137604545"
"10/08/2026 18:51:13.008","59.499159626771344733","0","0","1.8674739306615197876"
"10/08/2026 18:51:18.035","58.852415833743634721","0","0","1.865046285276405591"
"10/08/2026 18:51:23.051","59.799193883374258007","0.62296647545283834191","0","1.2459329509056766838"
"10/08/2026 18:51:28.072","58.695675685677684896","0","0","2.178518708063017062"
"10/08/2026 18:51:33.090","58.530601887682820461","0.6227220702127205243","0","2.1795272457445213909"
"10/08/2026 18:51:38.108","58.855461130125100055","0","0.62281229706906926502","2.4912491882762770601"
"10/08/2026 18:51:43.129","58.566304880369067121","0.31116598165010889154","0","1.2446639266004355662"
"10/08/2026 18:51:48.143","58.554547759490517933","0","0.31161994165796608192","1.8697196499477966025"
"10/08/2026 18:51:53.156","59.511862834008887546","0.6233439620958998173","0","0.93501594314384983697"
"10/08/2026 18:51:58.165","59.145831284522586202","0","0","2.1835680926070044627"
"10/08/2026 18:52:03.191","59.243999371331582893","0","0","1.2435680422432702219"
"10/08/2026 18:52:08.210","58.368122780588024057","0","0","1.8680346591663663514"
"10/08/2026 18:52:13.235","58.580135617561438721","1.55458093363245764","0","2.4873294938119321351"
"10/08/2026 18:52:18.251","58.584496978579217341","0.31154115110676960931","0.31154115110676960931","2.4923292088541568745"
"10/08/2026 18:52:23.272","58.39968398477120104","0","0","1.8670549344320181984"
"10/08/2026 18:52:28.292","59.216492832001812019","0","0","1.5562511536178551541"
"10/08/2026 18:52:33.317","58.192274941342212458","0.62196520784345699084","0","1.5549130196086424771"
"10/08/2026 18:52:38.335","58.233964915868554613","0","0","0.93397143723071351928"
"10/08/2026 18:52:43.349","59.789398037437990752","0.62326919391388502234","0","1.869807581741654845"
"10/08/2026 18:52:48.358","59.429163678511073954","0.31193339793731866827","0.31193339793731866827","1.2477335917492746731"
"10/08/2026 18:52:53.374","59.011741206736388676","0","0","1.2461988194369768568"
"10/08/2026 18:52:58.401","58.30580030317826612","0","0","1.5539417589988195889"
"10/08/2026 18:53:03.426","60.362241928577418548","0.31096059578975476789","0","2.798645362107792689"
"10/08/2026 18:53:08.449","59.223623155642847848","0","0","0.31104745813808842847"
"10/08/2026 18:53:13.471","58.277398920986975384","0.62229000171732129498","0","4.0448850111625880288"
"10/08/2026 18:53:18.483","58.610743478197882439","0","0","1.558917420697147449"
"10/08/2026 18:53:23.503","59.42135610847601157","0.62249117382214458338","0","2.4899646952885783335"
"10/08/2026 18:53:28.511","58.889410609431934063","0","0","2.1837259101839472386"
"10/08/2026 18:53:33.523","60.339928590870187008","0.62349411208073812762","0","0.62349411208073812762"
"10/08/2026 18:53:38.544","59.671815924453561308","0.93356777518819633599","0","1.2447570335842617073"
"10/08/2026 18:53:43.566","60.661126780818051429","0","0.31113296265665696394","0.93339888796997083631"
"10/08/2026 18:53:48.582","58.342203299362196844","0","0","1.2461317826429554323"
"10/08/2026 18:53:53.591","58.932476185173499061","2.8073693080000854394","0","1.8715795386667233302"
"10/08/2026 18:53:58.615","59.57774990639688184","0","0","2.1771060602471679069"
"10/08/2026 18:54:03.642","58.144142988891367452","0.62166972770209449894","0","0.93250459155314169291"
"10/08/2026 18:54:08.663","58.800254346006951778","0","0","2.4892930527216337033"
"10/08/2026 18:54:13.689","58.731298709068482822","0.93262604035553953175","0","0.93262604035553953175"
"10/08/2026 18:54:18.703","59.588693229865683065","0","0","0.93504108505698224629"
"10/08/2026 18:54:23.719","59.139157839202759703","0.62293803771886824272","0.31146901885943412136","0.93440705657830236408"
"10/08/2026 18:54:28.740","58.561273412755724621","0","0","1.8672226070526523056"
"10/08/2026 18:54:33.754","57.832002720282019936","0","0","2.4930732950185863217"
"10/08/2026 18:54:38.781","58.333704301274821091","0","0","1.864785228657279248"
"10/08/2026 18:54:43.798","59.111894268280586573","0.62290854717833599175","0","4.671814103837519383"
"10/08/2026 18:54:48.806","58.124664807007611955","0","0","1.2479727182381308292"
"10/08/2026 18:54:53.833","58.367961988956906794","0","0.62166366786059912286","0.93249550179089857327"
"10/08/2026 18:54:58.853","58.703761110064611728","0.31122930676176691067","0","3.4235223743794360729"
"10/08/2026 18:55:03.874","59.594233662720185407","0.31118760982184179298","0","2.4895008785747343438"
"10/08/2026 18:55:08.891","59.938649151103632562","0.31145851387545187006","0","4.6718777081317783839"
"10/08/2026 18:55:13.911","58.367510716585343289","0","0","1.2450837618646024563"
"10/08/2026 18:55:18.931","59.17037247438467773","1.2449243190587655494","0","2.8010797178822226527"
"10/08/2026 18:55:23.953","59.883228870477964279","0","0","2.1779342947838795652"
"10/08/2026 18:55:28.970","59.307484675754217562","0.93434142145112764055","0","0.93434142145112764055"
"10/08/2026 18:55:33.991","56.968235002052857396","0","0","0.62238033891547095422"
"10/08/2026 18:55:39.012","57.723880727073407115","0.93363410127684298701","0","1.2448454683691241307"
"10/08/2026 18:55:44.032","61.238738337188777905","0","0","0.9337719156268597942"
"10/08/2026 18:55:49.053","61.209781978201370123","0.31117748324909200175","0","1.8670648994945522325"
"10/08/2026 18:55:54.061","60.529271257794988514","0","0","1.2480862843384981087"
"10/08/2026 18:55:59.079","60.060893555672791422","1.245360707570515979","0","1.5567008844631449183"
"10/08/2026 18:56:04.088","59.662150016366652494","0","0","2.4955266188041962394"
"10/08/2026 18:56:09.108","59.203502585466296182","0.93382543426916808649","0","2.4902011580511151934"
"10/08/2026 18:56:14.123","59.172483555383045939","0","0","2.4926887942052684544"
"10/08/2026 18:56:19.142","59.119354851178670174","0","0","0.93397000433043286804"
"10/08/2026 18:56:24.160","58.687529610785936995","0","0","1.8681098132137277101"
"10/08/2026 18:56:29.174","59.94800801597930473","0.31161286932232629132","0","2.4929029545786103306"
"10/08/2026 18:56:34.198","59.557380122447845849","0","0","1.8661338487936731667"
"10/08/2026 18:56:39.218","59.051041618153007562","1.2450039981560394597","0","1.5562549976950494912"
"10/08/2026 18:56:44.227","58.454848874451457164","0","0","2.1835086335582012396"
"10/08/2026 18:56:49.252","58.798153186080796218","0.62191466888934654467","0","3.73148801333607949"
"10/08/2026 18:56:54.268","59.269667468738838068","0.31151305188848482652","0","1.5575652594424240771"
"10/08/2026 18:56:59.278","59.483984898501631733","0","0","1.2475463258862469207"
"10/08/2026 18:57:04.302","58.427507781207474125","0.62193536374034041891","0","5.5974182736630639923"
"10/08/2026 18:57:09.319","58.243589021107752046","0","0","2.4917578133401896423"
"10/08/2026 18:57:14.336","59.229799421131389181","0.31144579957086454547","0","1.8686747974251873838"
"10/08/2026 18:57:19.358","59.177061057730085736","0","0","2.1777418870428628672"
"10/08/2026 18:57:24.380","60.555388992540272852","0","0","0.93337015441257686899"
"10/08/2026 18:57:29.399","59.117440605892070948","0","0","1.5566895628054548961"
"10/08/2026 18:57:34.418","60.27403421025925212","0","0","0.93404178501432721937"
"10/08/2026 18:57:39.433","58.720756325767133887","0.62308292338464699167","0","0.93462438507697054302"
"10/08/2026 18:57:44.459","57.951869116034693263","0","0","1.5544595888657835037"
"10/08/2026 18:57:49.486","58.446050861646767771","0.31082897720198260361","0","1.5541448860099129625"
"10/08/2026 18:57:54.502","59.420019609772111835","0","0","0.93443943053317468639"
"10/08/2026 18:57:59.510","59.820076357563813474","0.93600405959187904514","0","4.3680189447621025067"
"10/08/2026 18:58:04.521","60.119763126927615815","0","0","0.93537816945284979475"
"10/08/2026 18:58:09.534","59.512420097360688942","0","0","1.8704560263569300904"
"10/08/2026 18:58:14.555","58.315711659884073015","0","0","0.62229868851497294191"
"10/08/2026 18:58:19.577","58.197211271612083294","0.93348864991313929007","0","4.0451174829569369606"
"10/08/2026 18:58:24.597","59.625978437659775011","1.2449710142860523909","0","2.4899420285721047819"
"10/08/2026 18:58:29.617","59.052339820082913491","0","0","1.5562055841496782449"
"10/08/2026 18:58:34.643","58.766740756308088578","0.31090111020647454021","0","1.8654066612388473523"
"10/08/2026 18:58:39.663","58.572095276759419846","0","0","0.93380580819443437246"
"10/08/2026 18:58:44.691","59.563368598387853581","0.31075219911624663016","0","2.7967697920462195604"
"10/08/2026 18:58:49.701","58.513239383894585899","0","0","1.247429073627834395"
"10/08/2026 18:58:54.727","59.324932304501551528","0.9326024568499019507","0","4.0412773130162413793"
"10/08/2026 18:58:59.735","58.869559184594223211","0","0","1.5601874277870368957"
"10/08/2026 18:59:04.746","59.320591028618544271","0","0","2.4943540794282954565"
"10/08/2026 18:59:09.762","59.583390349567721955","0.31149603581672130614","0","1.8689762149003277258"
"10/08/2026 18:59:14.780","59.341054292563640615","0","0","1.2456546086370461346"
"10/08/2026 18:59:19.804","58.403435090254184558","1.2440094476247740563","0","1.8660141714371607513"
"10/08/2026 18:59:24.816","58.803980785551580368","0","0","2.4937765312885162849"
"10/08/2026 18:59:29.842","58.971567079266698386","0.9326851991961895294","0","1.2435802655949192985"
"10/08/2026 18:59:34.862","58.568174730400990313","0","0","0.93367490198803737567"
"10/08/2026 18:59:39.887","58.503005155277307381","0.93295353085344501221","0","1.5549225514224083167"
"10/08/2026 18:59:44.899","58.814098797894985182","0","0","2.1820345271976564483"
"10/08/2026 18:59:49.913","59.102981688653088099","0.62334106502318986642","0","1.8700231950695695993"
"10/08/2026 18:59:54.923","58.602599937531252294","0","0","0.62368962809138006609"
"10/08/2026 18:59:59.946","60.403313016093328258","0.31109599886942235214","0","1.5554799943471120383"
"10/08/2026 19:00:04.960","58.982907063276797999","0","0","2.1813458996939472101"
"10/08/2026 19:00:09.978","58.521612065344520204","0.31135547595172996527","0","0.62271095190345993053"
"10/08/2026 19:00:14.988","59.100707397542116439","0.62382143910795084807","0","1.8714643173238527663"
"10/08/2026 19:00:20.007","59.002383464661356527","0","0","2.1792752843204574731"
"10/08/2026 19:00:25.023","59.102449534199251957","0","0","0.93435622766215886692"
"10/08/2026 19:00:30.031","58.528592544249811169","0","0","1.5601751829598715648"
"10/08/2026 19:00:35.050","58.619676533777521854","0.31127653380939285244","0","1.5563826690469642067"
"10/08/2026 19:00:40.072","58.401648713782435607","0","0","1.2446444443134525581"
"10/08/2026 19:00:45.088","59.228329278606949515","0.31153138661274365484","0","1.5576569330637182187"
"10/08/2026 19:00:50.099","59.552949784128649924","0","0","1.5590287289931730186"
"10/08/2026 19:00:55.118","59.4755584497889771","0.62255502719061373007","0","2.8014976223577616743"
"10/08/2026 19:01:00.142","58.576564549999353915","0","0","1.2440637507630341041"
"10/08/2026 19:01:05.166","58.923764548786316197","0.93310897578176621447","0.62207265052117743931","2.1772542768241209821"
"10/08/2026 19:01:10.184","58.684937973269235556","0","0","1.2454846696978640885"
"10/08/2026 19:01:15.211","58.967504325094431294","0.62155735541327827853","0","1.8646720662398346136"
"10/08/2026 19:01:20.225","61.597294275899614036","0","0","2.8049655260012973379"
"10/08/2026 19:01:25.241","59.475520926752821538","0","0","2.1805148949751389509"
"10/08/2026 19:01:30.264","59.207957986208548107","0","0","1.2443711121615594895"
"10/08/2026 19:01:35.278","59.627678995282586527","0","0.31160499566724469966","1.2464199826689787987"
"10/08/2026 19:01:40.297","58.900651333740206894","0","0","1.8677100289235069042"
"10/08/2026 19:01:45.313","58.770896986473118773","0.93459123431778345914","0","1.8691824686355669183"
"10/08/2026 19:01:50.336","58.639490621755761879","0","0.31105436240853184815","2.1773805368597227705"
"10/08/2026 19:01:55.362","59.256824041425446126","0.62173657930362480339","0.3108682896518124017","2.4869463172144992136"
"10/08/2026 19:02:00.377","59.930818109743853483","0","0","2.4927608231487106139"
"10/08/2026 19:02:05.404","58.692931546250058261","0.31079853342874436128","0","2.797186800858698863"
"10/08/2026 19:02:10.430","60.721979248868066747","0","0","1.5544109078121817191"
"10/08/2026 19:02:15.442","61.971815556446053108","0.62357259245007434778","0","1.2471451849001486956"
"10/08/2026 19:02:20.470","60.16747945361306904","0","0","1.2429455383028085169"
"10/08/2026 19:02:25.489","58.991017540503754901","0.31133746590232075357","0.31133746590232075357","1.8680247954139244104"
"10/08/2026 19:02:30.507","59.492504782966335597","0","0","2.8023441925524221752"
"10/08/2026 19:02:35.534","58.955131193897081232","0.3107988116246910848","0.6215976232493821696","0.93239643487407330991"
"10/08/2026 19:02:40.545","58.781152620775735329","0","0","1.87092639454263443"
"10/08/2026 19:02:45.558","59.552831506110912585","0.93519467032208247748","0","1.246926227096109896"
"10/08/2026 19:02:50.570","59.440549745285963468","0","0","1.2467842690775099435"
"10/08/2026 19:02:55.599","59.848685865930747241","0","0","2.7965122833458662122"
"10/08/2026 19:03:00.618","59.731268562929741961","1.2453243798030542155","0","2.4906487596061084311"
"10/08/2026 19:03:05.631","58.968469733513217079","0","0","3.1165653275973905778"
"10/08/2026 19:03:10.644","59.244545074079212554","0.93511562348093590913","0","2.4936416626158286469"
"10/08/2026 19:03:15.671","58.561400104517183252","0","0","0.93251416382086549373"
"10/08/2026 19:03:20.699","59.305309031195776015","1.242882484307713753","0.62144124215385687648","3.728647452923141703"
"10/08/2026 19:03:25.714","59.579023083520119997","0.31160474709739927057","0","1.8696284825843956234"
"10/08/2026 19:03:30.735","59.087568824653089905","0","0","1.8671705431351148796"
"10/08/2026 19:03:35.757","58.962692087568349564","0.62221932671767177236","0","2.1777676435118511478"
"10/08/2026 19:03:40.773","59.781612123199970199","0","0","1.5577201357634100631"
"10/08/2026 19:03:45.794","59.56145252792782685","0","0","0.93342163817319545593"
"10/08/2026 19:03:50.815","58.792114886884384362","0","0","1.867338720046168854"
"10/08/2026 19:03:55.837","58.78673991170055757","0.93335051030130244953","0","3.1111683676710080171"
"10/08/2026 19:04:00.863","58.143209533797815425","0","0","0.93274185991452962519"
"10/08/2026 19:04:05.888","59.103436967569308536","0","0","3.7311190451837519255"
"10/08/2026 19:04:10.904","58.786318961499098634","0.3114874353344608271","0","2.1804120473412260672"
"10/08/2026 19:04:15.926","58.61916270334903345","1.8668046900744792449","0","1.2445364600496526819"
"10/08/2026 19:04:20.935","60.878391910316963731","0","0.31195900692936323617","1.2478360277174529447"
"10/08/2026 19:04:25.949","59.68650516734646061","0.31160188857268023011","0","1.8696113314360816027"
"10/08/2026 19:04:30.959","58.571646380012076349","0","0","0.935573261713362192"
"10/08/2026 19:04:35.980","59.378505620345165994","0.93360388427016371971","0","2.8008116528104913812"
"10/08/2026 19:04:40.990","59.14433145276001369","0","0","0"
"10/08/2026 19:04:46.015","59.022291304203847062","0.31095250134371282824","0","0.62190500268742565648"
"10/08/2026 19:04:51.041","58.436843414830349275","0","0","2.7980806509812978788"
"10/08/2026 19:04:56.070","58.927366635772159498","0.93214486503616178492","0","2.7964345951084856878"
"10/08/2026 19:05:01.082","58.837701383647690534","0","0","1.8705707130200539545"
