"(PDH-CSV 4.0) (Malay Peninsula Standard Time)(-480)","\\DESKTOP-PGFAHG3\Processor(_Total)\% Processor Time","\\DESKTOP-PGFAHG3\Process(ollama)\% Processor Time","\\DESKTOP-PGFAHG3\Process(vmmemWSL)\% Processor Time"
"10/09/2026 12:39:26.980"," "," "," "
"10/09/2026 12:39:32.006","4.8981698394901851401","0","0.31149013030813321734"
"10/09/2026 12:39:37.020","0","0","0.93488781126877773531"
"10/09/2026 12:39:42.040","1.7624909983276038083","0","1.5563918468136688222"
"10/09/2026 12:39:47.062","11.26652399892321732","0.31110673957747625451","0.93332021873242865251"
"10/09/2026 12:39:52.072","50.421240078431431186","0","1.2475095965923226338"
"10/09/2026 12:39:57.093","50.462572505833676928","0","0.31118917782624255786"
"10/09/2026 12:40:02.103","23.983972539179621464","0","0.62372125914891807241"
"10/09/2026 12:40:07.123","0","0","0.6225394501755481258"
"10/09/2026 12:40:12.129","1.7612572817334637421","0","0.31211673937105671728"
"10/09/2026 12:40:17.135","12.10910155211578676","0.62423897777741199633","0.31211948888870599816"
"10/09/2026 12:40:22.141","50.817083209431146429","0","1.5607430715243850727"
"10/09/2026 12:40:27.147","50.336891560391116229","0.624202468989421555","0.93630370348413238801"
"10/09/2026 12:40:32.157","50.625633551289453749","0","2.4950331375331131767"
"10/09/2026 12:40:37.168","52.006574868560605296","0","0.31183545992477273989"
"10/09/2026 12:40:42.177","50.864382746117222212","0.31191028370301404626","2.4952822696241123701"
"10/09/2026 12:40:47.196","50.40938659280428169","0.62267984508283380496","0.62267984508283380496"
"10/09/2026 12:40:52.207","37.037750968626681924","0.62358155151639671487","0.62358155151639671487"
"10/09/2026 12:40:57.222","50.691643362752692781","0","0.93475559496341109611"
"10/09/2026 12:41:02.238","51.552002073344560529","0.31150008472802304116","0.9345002541840692345"
"10/09/2026 12:41:07.245","51.074194629393346645","0.31206412755048512642","0.93619238265145543476"
"10/09/2026 12:41:12.263","39.403013535517317223","0","1.2456101459869040049"
"10/09/2026 12:41:17.267","0.73720425751595541897","0","0.31223920532614335421"
"10/09/2026 12:41:22.274","30.809459853072262092","0","0.93619337363228893878"
"10/09/2026 12:41:27.281","50.248429233695787843","0","0.93613302111724383536"
"10/09/2026 12:41:32.300","30.019532405801420794","0","1.2453079287859203372"
"10/09/2026 12:41:37.318","29.574323139339718125","0","0.62271943950547670177"
"10/09/2026 12:41:42.326","49.59168372028084093","0","1.560025300665049075"
"10/09/2026 12:41:47.342","1.9354203584167617436","0","0"
"10/09/2026 12:41:52.348","19.573564223382778238","0.62421683259315541292","0.93632524888973300836"
"10/09/2026 12:41:57.356","51.782598471261955808","0","0.31202362728774724054"
"10/09/2026 12:42:02.377","50.843597146243610041","0.62235604481481332506","0.62235604481481332506"
"10/09/2026 12:42:07.397","52.490566657950765261","0","0.62256421749903501084"
"10/09/2026 12:42:12.407","50.857045537348469111","0.62378999711519578231","1.8713699913455874579"
"10/09/2026 12:42:17.420","50.533424419035931408","0.31166182292665750575","1.5583091146332874732"
"10/09/2026 12:42:22.440","50.812159487007392045","0","0.31125388263073255901"
"10/09/2026 12:42:27.457","52.961203003202506068","0.93435226066903209752","2.4916060284507524081"
"10/09/2026 12:42:32.464","50.621450448246029907","0","0.93608626635537406369"
"10/09/2026 12:42:37.472","50.650998903382784988","0.62405375976514321223","0.62405375976514321223"
"10/09/2026 12:42:42.489","50.326914799209468754","0","2.1800100088121237007"
"10/09/2026 12:42:47.495","31.450724730045521937","0","0.93649214715123585417"
"10/09/2026 12:42:52.512","0.72810279996944338166","0","0.6228824984887375571"
"10/09/2026 12:42:57.531","23.923501003606371995","0.93381202147861286367","0.93381202147861286367"
"10/09/2026 12:43:02.553","50.699013152162649476","0","1.5558497071288426294"
"10/09/2026 12:43:07.576","50.606373516816681501","1.2443188879125908208","1.8664783318688860092"
"10/09/2026 12:43:12.590","50.620993173876229321","0","1.5580045026479694137"
"10/09/2026 12:43:17.598","50.739297899889415078","0","3.1202345905192836462"
"10/09/2026 12:43:22.609","51.86249086461562996","0","1.5591095914645929366"
"10/09/2026 12:43:27.622","51.017615189071683801","0.3116795223581634855","1.246718089432653942"
"10/09/2026 12:43:32.630","50.598124793411834332","0","1.2479652675092423042"
"10/09/2026 12:43:37.653","50.252029141805778067","0","1.2441853000004479135"
"10/09/2026 12:43:42.663","7.4799397660546436128","0","0.31187631598082787843"
"10/09/2026 12:43:47.681","29.832177549144979878","0.31138127558071909684","0.93414382674215734603"
"10/09/2026 12:43:52.709","50.681510275940944155","0.31079000850997740013","1.8647400510598644008"
"10/09/2026 12:43:57.734","50.386571227299327802","0","1.2437365427706073007"
"10/09/2026 12:44:02.745","50.67108013435310454","0","2.4942135741607618371"
"10/09/2026 12:44:07.756","50.372599182055296296","0","2.4945247675876220939"
"10/09/2026 12:44:12.770","50.688917007683564009","0.93499192157006516535","1.5583198692834419052"
"10/09/2026 12:44:17.786","51.445779486467117181","0","1.8689675707512378722"
"10/09/2026 12:44:22.797","50.794026965281815933","0","2.8062020407599224114"
"10/09/2026 12:44:27.825","39.835263437262838693","0","0"
"10/09/2026 12:44:32.838","50.336038885620951078","0.31167812348904683217","3.1167812348904679887"
"10/09/2026 12:44:37.865","50.652877335629973743","0","0.62169604609869222323"
"10/09/2026 12:44:42.877","51.805450497307049318","0","1.5587482799399781097"
"10/09/2026 12:44:47.896","50.692905692137138374","0","1.5563494315544512681"
"10/09/2026 12:44:52.920","50.715450486097090277","0","1.5550242520089521125"
"10/09/2026 12:44:57.936","50.714255809919883689","0","0.62300762162603995353"
"10/09/2026 12:45:02.957","29.783710903258498348","0","0.62250208587998934195"
"10/09/2026 12:45:07.967","0.55800755399759705","0","1.2474103262662581404"
"10/09/2026 12:45:12.986","47.172975022175414495","0.31131948274780996133","2.1792363792346698403"
"10/09/2026 12:45:18.006","50.488708908877114823","0","0.93380822652874773127"
"10/09/2026 12:45:23.013","50.656226231981591468","0.62411097887503164117","0.93616646831254746175"
"10/09/2026 12:45:28.027","50.619796712023166663","0","0.62321692651588389555"
"10/09/2026 12:45:33.041","50.492800100449429124","0","3.4277211229627222444"
"10/09/2026 12:45:38.057","52.239692918673810595","0.93456777491484921416","0.93456777491484921416"
"10/09/2026 12:45:43.078","50.604560123277650519","0","0.31121363578213090406"
"10/09/2026 12:45:48.095","50.697382810372957351","0.31142592934081503309","1.8685555760448901985"
"10/09/2026 12:45:53.102","50.561643577095949809","0","0.62407393668535260378"
"10/09/2026 12:45:58.125","53.071885066085485505","0","0.31110413795382874103"
"10/09/2026 12:46:03.148","51.113516580919046817","0.31106929278032957598","1.5553464639016478799"
"10/09/2026 12:46:08.157","51.60391231302289583","0.31191839073027649576","2.8072655165724889059"
"10/09/2026 12:46:13.165","52.105188094826736744","0.93605495580143194267","2.1841282302033411256"
"10/09/2026 12:46:18.175","50.468366203714495555","0","1.8713250170784605508"
"10/09/2026 12:46:23.195","50.427469699944495574","0","1.5561319656475378626"
"10/09/2026 12:46:28.209","50.708396725783089209","0.31166396142348151699","0.31166396142348151699"
"10/09/2026 12:46:33.232","50.211246845521387172","0","1.2442328315179744802"
"10/09/2026 12:46:38.258","52.045481731786800594","1.2435531221619631204","1.5544414027024537894"
"10/09/2026 12:46:43.278","50.675911986710943324","0","1.2450174154032080942"
"10/09/2026 12:46:48.293","50.995518882348569889","0.93471691776602827684","2.1810061414540662383"
"10/09/2026 12:46:53.310","50.554456359168597146","0","3.1140668227918602007"
"10/09/2026 12:46:58.322","50.642727483108188835","0","0.623542332618191808"
"10/09/2026 12:47:03.339","52.237584576049457041","0","2.4912751061487479198"
"10/09/2026 12:47:08.358","50.725805527731559152","0.31130784660143978604","1.2452313864057591442"
"10/09/2026 12:47:13.377","50.532452947360219753","0","1.2454457039675597141"
"10/09/2026 12:47:18.396","50.612063790306358158","1.556444714097591886","1.556444714097591886"
"10/09/2026 12:47:23.423","50.727670937610128021","0","0.62161029689002900156"
"10/09/2026 12:47:28.436","51.970663845047781138","0.31168906608919311196","0.93506719826757933589"
"10/09/2026 12:47:33.459","50.615454083738377733","0","1.5554188003694382481"
"10/09/2026 12:47:38.473","50.57927410611350183","0","0.62323672618953007696"
"10/09/2026 12:47:43.482","50.502784298860973422","0.31197772433125153801","2.1838440703187607106"
"10/09/2026 12:47:48.501","50.571620920516615172","0","0.31129859288852163024"
"10/09/2026 12:47:53.512","52.256509120823913861","0","0.31179421637592713568"
"10/09/2026 12:47:58.536","50.466658641632754723","0.62208279251114240171","0.62208279251114240171"
"10/09/2026 12:48:03.559","51.58039621222685156","0","2.4885401729619038846"
"10/09/2026 12:48:08.574","49.937165788542984046","0","1.8693240219263034252"
"10/09/2026 12:48:13.599","50.702961942929768213","0.31096101042486590238","3.1096101042486590238"
"10/09/2026 12:48:18.620","51.055031055759592107","0","0.6223878506386266718"
"10/09/2026 12:48:23.639","51.923747681618714012","0.62259817810439954666","1.5564954452609989222"
"10/09/2026 12:48:28.661","50.417716308435537087","0.62220904400059273698","1.244418088001185474"
"10/09/2026 12:48:33.675","50.642968334092017813","0.31164660563392837522","0.93493981690178518118"
"10/09/2026 12:48:38.695","51.033739618533324744","0.31126744937929684554","2.1788721456550779187"
"10/09/2026 12:48:43.706","50.285616980692218192","0","2.1826777663572318744"
"10/09/2026 12:48:48.733","52.262953347829800066","0","0.62160140674067354549"
"10/09/2026 12:48:53.754","50.48806261166050291","0.93363702080818489204","1.8672740416163697841"
"10/09/2026 12:48:58.773","50.488647149499520594","0","0.93399289404258578617"
"10/09/2026 12:49:03.792","50.853269050677937457","0.3113015388835445596","2.1791107721848121948"
"10/09/2026 12:49:08.811","50.965947546059311435","0.31132731716787742648","4.6699097575181616193"
"10/09/2026 12:49:13.828","51.872138413336024598","0","1.5572209897004953838"
"10/09/2026 12:49:18.835","50.808761454597807017","0","1.2483105863848102945"
"10/09/2026 12:49:23.861","50.467349422197415265","0","0.93256215797847663573"
"10/09/2026 12:49:28.881","50.872215818083411421","0","1.2449725518411549618"
"10/09/2026 12:49:33.893","50.795202290356925801","0.3117927791466284515","0.935378337439885299"
"10/09/2026 12:49:38.913","50.780430261241662038","0.31120850338346883746","0.31120850338346883746"
"10/09/2026 12:49:43.928","52.58916975537641747","0.62318610466886248389","1.8695583140065874517"
"10/09/2026 12:49:48.949","52.427921289001623961","0.31118285012661206501","0.62236570025322413002"
"10/09/2026 12:49:53.963","50.506855674610321216","0","0.62329028980345746458"
"10/09/2026 12:49:58.988","50.132668276215483161","0","0.93282614920549777882"
"10/09/2026 12:50:04.009","50.730575633865711893","0.31115484028685908013","2.4892387222948726411"
"10/09/2026 12:50:09.028","50.919529514413383708","0","1.2452527726648805473"
"10/09/2026 12:50:14.045","51.124807587055656199","0.93447890446019254984","0.31149296815339755362"
"10/09/2026 12:50:19.059","52.765415461117285645","0.62317322999359681113","0.62317322999359681113"
"10/09/2026 12:50:24.071","49.345281205387834689","0","2.4942504533948706147"
"10/09/2026 12:50:29.085","50.41202350143958455","0","0"
"10/09/2026 12:50:34.111","50.591347360685233525","0.62173686380924630956","2.1760790233323619169"
"10/09/2026 12:50:39.117","50.414280018632439351","0","1.5605262464035487557"
"10/09/2026 12:50:44.141","52.364930008148704133","0.31102269816778865819","1.2440907926711546327"
"10/09/2026 12:50:49.164","51.100906904670928554","0","1.8665260092485318477"
"10/09/2026 12:50:54.178","50.309898657447490677","0","1.5579886879551569923"
"10/09/2026 12:50:59.191","50.816305432332462999","0","0"
"10/09/2026 12:51:04.216","51.095941697830362216","0.93280144182546742559","1.8656028836509348512"
"10/09/2026 12:51:09.234","50.431081177924120595","0.31138700320669820965","1.2455480128267928386"
"10/09/2026 12:51:14.243","51.789876173652970692","0","0.62382690597984302716"
"10/09/2026 12:51:19.261","50.673813971722005078","0","0.31139041009608819932"
"10/09/2026 12:51:24.275","50.444793909300209123","0.62321343404861284654","1.5580335851215321163"
"10/09/2026 12:51:29.285","50.458085341005599389","0","0.9356725939970200745"
"10/09/2026 12:51:34.305","50.645749612129506545","0.62252110849554853633","1.2450422169910970727"
"10/09/2026 12:51:39.314","50.486770779697742739","0.62391152395530757868","2.4956460958212303147"
"10/09/2026 12:51:44.319","51.925504180837855017","0","0.93651615232134033384"
"10/09/2026 12:51:49.338","50.666450184679476365","0","0.31131406153514434854"
"10/09/2026 12:51:54.359","50.385762338056650833","0","0.62236596054518456"
"10/09/2026 12:51:59.380","51.044169968685103811","0.62240229200191743431","1.2448045840038348686"
"10/09/2026 12:52:04.390","50.736155917506174262","1.2474326588448314546","0.93557449413362359092"
"10/09/2026 12:52:09.413","51.066170576818635141","0.31112309983184616158","3.1112309983184616158"
"10/09/2026 12:52:14.425","51.553441668630561878","0","0.93522411341552103003"
"10/09/2026 12:52:19.445","50.980382392606514941","0.31123566734853008731","1.55617833674265027"
"10/09/2026 12:52:24.466","50.167201931142770377","0.31121185677936735736","0.31121185677936735736"
"10/09/2026 12:52:29.482","50.615190129014322906","0","0.93454399994640957594"
"10/09/2026 12:52:34.496","50.638284607897574574","0","1.2464587608022104082"
"10/09/2026 12:52:39.511","51.859163265825728217","0.31152817539572602579","1.8691690523743558217"
"10/09/2026 12:52:44.528","50.513907066200481211","0","1.5573907926179217931"
"10/09/2026 12:52:49.546","50.712706825139932221","1.5569530123637911334","1.8683436148365495377"
"10/09/2026 12:52:54.564","51.263569946916810238","0.31135271506143302744","1.2454108602457321098"
"10/09/2026 12:52:59.571","50.074087059249293929","0","1.5601847793984593427"
"10/09/2026 12:53:04.591","51.973904537778402357","0.31128924670074237246","1.2451569868029694899"
"10/09/2026 12:53:09.611","50.674497074732727242","0.93378984750210769494","2.4901062600056205198"
"10/09/2026 12:53:14.624","50.43982207948491947","0","1.8701953932269841374"
"10/09/2026 12:53:19.647","50.647645607730986228","0.93319401883055141944","1.2442586917740683372"
"10/09/2026 12:53:24.668","50.576791443096333012","0.62228710204142423379","1.5557177551035608065"
"10/09/2026 12:53:29.686","51.13702974754372832","0.311415073482098681","1.868490440892591975"
"10/09/2026 12:53:34.701","53.459618531426990273","0","1.869404423902198964"
"10/09/2026 12:53:39.716","51.029290152869556607","0","0.93462984520834968549"
"10/09/2026 12:53:44.735","50.261601997320241253","0.31135148043195304268","1.2454059217278121707"
"10/09/2026 12:53:49.756","50.701726733760835941","0","0.93345840514325129078"
"10/09/2026 12:53:54.770","50.793708281570815188","0","1.2464685302893547814"
"10/09/2026 12:53:59.793","52.340011154591856268","0","1.2444876663307544717"
"10/09/2026 12:54:04.806","15.903296637534436897","0","0.62337144210749417805"
"10/09/2026 12:54:09.810","0.91066165869959636581","0","0.31221532206933716447"
"10/09/2026 12:54:14.816","1.0007364736807633498","0","0.93634771177893061367"
"10/09/2026 12:54:19.824","32.188065792747678984","0.62400629493556691862","0.62400629493556691862"
"10/09/2026 12:54:24.840","50.640648395281573357","0","0"
"10/09/2026 12:54:29.856","13.023582764008089896","0","0.31146433747289536953"
"10/09/2026 12:54:34.865","0.38689767404739283663","0","0"
"10/09/2026 12:54:39.872","0.051430259830842484092","0","0.93601235811874761161"
"10/09/2026 12:54:44.892","36.987340795757951639","0","1.8676182017053954976"
"10/09/2026 12:54:49.912","50.350975460206058187","0.3112791507197112395","2.1789540550379791206"
"10/09/2026 12:54:54.933","50.52496657304936889","0","0.62232746448994502586"
"10/09/2026 12:54:59.953","51.646821562032194208","0","1.2450627286507898184"
"10/09/2026 12:55:04.960","50.678182449303598389","0","0.93630501263846976912"
"10/09/2026 12:55:09.980","50.523833879820259085","0.31123202826755680395","0.31123202826755680395"
"10/09/2026 12:55:14.988","50.588957778199173276","0","1.5599381759311952145"
"10/09/2026 12:55:20.008","50.598200732483043396","0.31125370282345055095","0.93376110847035176388"
"10/09/2026 12:55:25.024","52.691022221343274623","0","0.62299887776470952439"
"10/09/2026 12:55:30.030","50.667521378259991138","0","0.93632227511591370472"
"10/09/2026 12:55:35.038","50.320532117762517998","0","2.4961616522273697427"
"10/09/2026 12:55:40.051","18.182607848374388482","0.31172241467105132884","1.2468896586842053154"
"10/09/2026 12:55:45.060","0.34261528885293213165","0","0.9357500911844794933"
"10/09/2026 12:55:50.067","1.1290240497455972246","0","0.6241608282496349247"
"10/09/2026 12:55:55.084","1.3787175649553007339","0","0.31144587406571966337"
"10/09/2026 12:56:00.101","32.802093821020470443","0.62283358548294298629","1.2456671709658859726"
"10/09/2026 12:56:05.119","50.619129261035965328","0","0.62273414445136510142"
"10/09/2026 12:56:10.136","8.103409386546744031","0","0.62289575846458533626"
"10/09/2026 12:56:15.141","0.041378616418152880385","0","1.2487510990508172704"
"10/09/2026 12:56:20.148","19.328039679041676635","0","0.62407898423506591445"
"10/09/2026 12:56:25.161","50.558459765007235376","0","0.93524881868347620184"
"10/09/2026 12:56:30.176","50.304806921724207314","1.246030296997401976","0.623015148498700988"
"10/09/2026 12:56:35.190","50.549913420594741353","0.31168067254884396222","2.181764707841907569"
"10/09/2026 12:56:40.200","50.782861031927481577","0.62374196236127432691","1.2474839247225486538"
"10/09/2026 12:56:45.221","50.575754102342074248","0","1.2446003263760241353"
"10/09/2026 12:56:50.241","52.089329965885156071","0.93389328545371208534","3.1129776181790402845"
"10/09/2026 12:56:55.258","50.778296230708811265","0","0.93421974893315096189"
"10/09/2026 12:57:00.272","50.87580188892626154","0.31165233059297353657","2.1815663141508148115"
"10/09/2026 12:57:05.290","50.301971234712780756","0","0.31134239162684440583"
"10/09/2026 12:57:10.306","50.852130510717607592","0.62311085251733799861","1.2462217050346759972"
"10/09/2026 12:57:15.323","50.57898609087578734","0","0.93430825351666657586"
"10/09/2026 12:57:20.339","52.964032015179249413","0.3114964767206671592","1.8689788603240029552"
"10/09/2026 12:57:25.348","52.757743454998042409","0","0.93568323999389824142"
"10/09/2026 12:57:30.357","51.027692241585484112","0.31198762895671694473","1.2479505158268677789"
"10/09/2026 12:57:35.375","53.424358258496020824","0","3.4248225398934288854"
"10/09/2026 12:57:40.388","54.000913651841031538","0.311726133638719205","1.870356801832315341"
"10/09/2026 12:57:45.415","52.574346478324919474","0.31079682098910682564","1.8647809259346410649"
"10/09/2026 12:57:50.430","52.026715112120449191","0","1.2463122617225439459"
"10/09/2026 12:57:55.445","52.426987325606674517","0.62314220122978558614","2.1809977043042492184"
"10/09/2026 12:58:00.459","52.908508641005347783","0","1.2464249292324796059"
"10/09/2026 12:58:05.473","51.645635895078733313","0.62329895482239427995","0.93494843223359125339"
"10/09/2026 12:58:10.491","57.27633318730395473","0","0.9340633008970096185"
"10/09/2026 12:58:15.504","54.318466162299252176","0.31168638010709603936","4.6752957016064407014"
"10/09/2026 12:58:20.523","52.111196332832207645","0.3113453322470154383","1.8680719934820926298"
"10/09/2026 12:58:25.534","55.805377980858125397","1.5588931577231128767","1.2471145261784901681"
"10/09/2026 12:58:30.555","56.498074285473329326","0","0.62242863527054304029"
"10/09/2026 12:58:35.578","52.316045469613428054","0","0.93326391508940931274"
"10/09/2026 12:58:40.598","52.529927269806961476","0.62243080481557877537","2.1785078168545259913"
"10/09/2026 12:58:45.616","54.718017715951361879","0.31141702239127255769","1.2456680895650902308"
"10/09/2026 12:58:50.617","54.577334400299029937","0.31238455516379370902","1.5619227758189684341"
"10/09/2026 12:58:55.636","61.489647520626689925","0.31135201398922035532","1.2454080559568814213"
"10/09/2026 12:59:00.649","57.700026384056400275","0","1.246695036392424516"
"10/09/2026 12:59:05.665","52.990966944054449073","0","2.4920919940009564897"
"10/09/2026 12:59:10.679","55.026154298784703656","0","4.0513468851061160692"
"10/09/2026 12:59:15.691","54.718641728762818843","0.31174774023290835467","2.1822341816303585382"
"10/09/2026 12:59:20.701","51.836756494201694068","0","1.5593117687850712727"
"10/09/2026 12:59:25.718","51.488920823039954655","0.93440282838503496698","1.2458704378467133633"
"10/09/2026 12:59:30.734","51.234504332399922077","0","0.93442864517474799602"
"10/09/2026 12:59:35.742","51.327807367142888495","0.62400246965201433547","1.5600061741300357276"
"10/09/2026 12:59:40.762","51.460532861610872146","0","1.2451005790255575967"
"10/09/2026 12:59:45.882","52.728940107971844498","0","2.1361140255030237611"
"10/09/2026 12:59:50.892","50.750237522301809179","0.31189242731374428041","0.31189242731374428041"
"10/09/2026 12:59:55.914","51.207728785707395502","0","0.3110883990586634229"
"10/09/2026 13:00:00.927","53.132367143744197335","0","0.62347297751401309363"
"10/09/2026 13:00:05.946","52.260181240253025692","0","0.31132549344343529718"
"10/09/2026 13:00:10.964","52.515352866888463268","0","0.93412420589727607201"
"10/09/2026 13:00:15.981","51.329219179117266947","0.31143071509694325583","2.8028764358724891359"
"10/09/2026 13:00:20.997","51.166143414117584598","0.31147764937057692558","1.2459105974823077023"
"10/09/2026 13:00:26.009","51.45103923697509174","0.31177338717930769274","0.93532016153792285618"
"10/09/2026 13:00:31.026","47.22108089389268315","0","0.93431238774049807372"
"10/09/2026 13:00:36.026","1.7050370959046601271","0","1.2499260293775813491"
"10/09/2026 13:00:41.035","1.9860270213573838483","0","0"
"10/09/2026 13:00:46.057","15.767468633094461339","0.31114405908204517681","1.2445762363281807072"
"10/09/2026 13:00:51.076","60.474260649642232579","0","1.5565144858054147381"
"10/09/2026 13:00:56.088","49.345625026084661613","0","1.2468769224348390523"
"10/09/2026 13:01:01.099","11.734259278606218757","0","0.31182420833920310166"
"10/09/2026 13:01:06.122","9.043933601002141387","0","1.5554693098289593678"
"10/09/2026 13:01:11.135","11.343050443027813401","0","0.93507658072726074217"
"10/09/2026 13:01:16.153","8.8753280453934273453","0","1.5566888183734590712"
"10/09/2026 13:01:21.161","37.558383269380804848","0.62412361809793925893","1.2482472361958785179"
"10/09/2026 13:01:26.180","63.950413074963094573","0.62255088481912157494","3.1127544240956077637"
"10/09/2026 13:01:31.191","62.253008951073951494","0","1.5589877253737509655"
"10/09/2026 13:01:36.215","65.005323222256976123","0.6221275871598758167","3.7327655229592555663"
"10/09/2026 13:01:41.235","67.007852778431811203","0.31124667190158666896","2.4899733752126933517"
"10/09/2026 13:01:46.247","61.816151651398513422","0.62340976895675892511","3.4287537292621745877"
"10/09/2026 13:01:51.264","62.17600438930849549","0","1.2458753303787282185"
"10/09/2026 13:01:56.279","64.674315759998364683","0","1.2463306281444548329"
"10/09/2026 13:02:01.289","61.697950891740639179","0","1.5593709662191845844"
"10/09/2026 13:02:06.306","62.14570026556604887","0.31139783228445572227","3.1139783228445576668"
"10/09/2026 13:02:11.322","61.392997194970490682","0.31150381081301997677","1.5575190540650998283"
"10/09/2026 13:02:16.338","61.622924058077167331","0","1.5576692315655304988"
"10/09/2026 13:02:21.358","61.167854998193185168","0","1.8676783646285504137"
"10/09/2026 13:02:26.374","60.502858832762370866","0.93438284277353700347","3.1146094759117897155"
"10/09/2026 13:02:31.394","62.421306563466316675","0","2.1790388791936461388"
"10/09/2026 13:02:36.415","62.093645243561027769","0.31118608521611368367","1.8671165112966823241"
"10/09/2026 13:02:41.431","59.756551778805913955","0.31151193398730170347","1.5575596699365086284"
"10/09/2026 13:02:46.442","59.984941558196538836","0","2.4942427390249282126"
"10/09/2026 13:02:51.460","58.538293202850596231","0.93412904587730438699","1.868258091754608774"
"10/09/2026 13:02:56.483","59.280019224735958971","0.3110621525274003818","2.7995593727466032696"
"10/09/2026 13:03:01.504","61.759052459076734465","0","2.4897464274927281203"
"10/09/2026 13:03:06.523","60.032331845917788371","0.31133528845916846883","1.5566764422958423442"
"10/09/2026 13:03:11.545","59.19680083815826066","0.31110373532548568631","3.1110373532548569742"
"10/09/2026 13:03:16.563","58.704994863296988683","0.62273332542345771756","0.93409998813518657634"
"10/09/2026 13:03:21.575","59.77834222295577149","0","1.5589789836063656647"
"10/09/2026 13:03:26.586","61.267078304018561141","0.93543663258457754317","0.62362442172305176946"
"10/09/2026 13:03:31.597","60.251105965745466619","0","0.93526809492363616183"
"10/09/2026 13:03:36.606","59.415559186283829263","0","1.8717781457133466638"
"10/09/2026 13:03:41.620","60.277637427722609686","0","2.1813702623081039356"
"10/09/2026 13:03:46.637","58.968252699570754771","0","1.2457456788470828712"
"10/09/2026 13:03:51.650","61.818630934221310724","0.31168464543492802044","0.93505393630478417233"
"10/09/2026 13:03:56.671","62.106777983817849531","0","1.5561897749577284777"
"10/09/2026 13:04:01.682","59.358007246715914107","0.31180622491344311964","1.2472248996537724786"
"10/09/2026 13:04:06.691","58.739794714511518237","0.93573819213185416288","1.2476509228424721432"
"10/09/2026 13:04:11.700","58.89533424128639183","0","1.5595794691029789547"
"10/09/2026 13:04:16.721","60.137797972945094216","0.93358655453722860784","1.5559775908953810131"
"10/09/2026 13:04:21.744","60.715005810587683754","0.62218254589014376776","2.1776389106155034092"
"10/09/2026 13:04:26.753","59.574723157854613476","0","0.93581540126356932419"
"10/09/2026 13:04:31.764","60.012165331654344413","0.93538796879749275259","3.1179598959916425827"
"10/09/2026 13:04:36.773","59.676818553287766633","0.62395637057457697949","2.495825482298307918"
"10/09/2026 13:04:41.795","60.196454778156571308","0.6222342310663332432","1.5555855776658331635"
"10/09/2026 13:04:46.803","61.747680915064705687","0","2.496200333775933089"
"10/09/2026 13:04:51.817","61.061331713651398445","0","1.2463489205451765418"
"10/09/2026 13:04:56.837","58.774051655278867656","1.5564303574066142843","1.5564303574066142843"
"10/09/2026 13:05:01.852","58.808444085726499395","0","2.8038685709910611266"
"10/09/2026 13:05:06.868","58.222709329742109219","0","1.2459210786542800342"
"10/09/2026 13:05:11.885","60.365691597911627753","0.31146805028515622826","3.7376166034218747392"
"10/09/2026 13:05:16.894","60.776248056273651343","0","1.2476739863407446673"
"10/09/2026 13:05:21.909","59.373141089463700837","0","1.2464616195421409639"
"10/09/2026 13:05:26.922","58.396491717941302113","0","1.2465470646309722014"
"10/09/2026 13:05:31.937","59.562226834220808769","0","1.5579204927116740986"
"10/09/2026 13:05:36.955","59.705778462686943442","0","1.8682662081061229831"
"10/09/2026 13:05:41.965","60.762315781094699219","0.93562287853126024917","3.1187429284375340899"
"10/09/2026 13:05:46.976","59.392299882627582974","0.31184220006318669194","2.806579800568680394"
"10/09/2026 13:05:51.983","59.329211326571481777","1.2481085912786045178","0.62405429563930225889"
"10/09/2026 13:05:57.003","58.909037638903136269","0","1.5564758470112447508"
"10/09/2026 13:06:02.012","58.966985961402016869","0","0.3118898872403781386"
"10/09/2026 13:06:07.029","59.01647421682366712","0.62287953121189532091","1.8686385936356859627"
"10/09/2026 13:06:12.036","61.235870242248502393","0","1.560317147516966596"
"10/09/2026 13:06:17.044","59.484180364928398888","1.8722111542646073801","0.93610557713230369004"
"10/09/2026 13:06:22.058","58.115638021628754473","1.2465004002662365412","2.1813757004659142247"
"10/09/2026 13:06:27.069","58.722581652776440819","0","0.93546560552903190722"
"10/09/2026 13:06:32.079","60.042697431661387952","1.5593093101034800618","3.1186186202069601237"
"10/09/2026 13:06:37.093","61.186177694164733509","0","1.5580059629599611881"
"10/09/2026 13:06:42.107","59.676495883390266783","0.62335851003552344984","1.2467170200710468997"
"10/09/2026 13:06:47.119","58.66457336356464225","0","2.1822144148215723014"
"10/09/2026 13:06:52.129","58.538664053571643819","0","2.806973294141698716"
"10/09/2026 13:06:57.142","59.325780953483388203","0","1.2467193577476356481"
"10/09/2026 13:07:02.154","58.506315816252474349","0.31176283677245153481","1.2470513470898061392"
"10/09/2026 13:07:07.174","62.024058501572376656","2.1783894524961922023","1.5559924660687087794"
"10/09/2026 13:07:12.189","58.906353130640397353","0","2.1812741201552876547"
"10/09/2026 13:07:17.204","58.716458721084975991","0","1.2462955857785669167"
"10/09/2026 13:07:22.214","37.271512118786041867","0","1.8710377034553926645"
"10/09/2026 13:07:27.223","6.7973816198012908529","0","0.62395058998172159281"
"10/09/2026 13:07:32.243","17.433668076309970729","0","0.62248146489230438139"
"10/09/2026 13:07:37.252","60.474111734204541335","0.31191824128817341455","1.5595912064408670172"
"10/09/2026 13:07:42.271","61.934488524709571777","0.31129474147175933973","2.1790631903023149896"
"10/09/2026 13:07:47.294","59.499077689858538065","0.93329061666328827496","0.93329061666328827496"
"10/09/2026 13:07:52.312","58.974113795540851868","0","0.93417575426197385635"
"10/09/2026 13:07:57.336","60.111108899381335391","0.62204899954615300306","2.7992204979576889023"
"10/09/2026 13:08:02.359","61.244887278705547828","0","0.31105181119845842774"
"10/09/2026 13:08:07.380","60.25889755347151322","1.2446442460235906946","4.6674159225884652713"
"10/09/2026 13:08:12.402","59.395966305061563162","0","2.1779941445560848656"
"10/09/2026 13:08:17.415","58.492608997513684699","0","1.5585971791475836667"
"10/09/2026 13:08:22.424","58.343306300877472381","0","0.9356674578570886025"
"10/09/2026 13:08:27.435","61.916458317192457628","0.62368131317866748464","1.5592032829466688781"
"10/09/2026 13:08:32.454","60.327678590765245303","0.3113080698881735553","1.556540349440867832"
"10/09/2026 13:08:37.463","58.249630805317245574","0","1.2477345881271046935"
"10/09/2026 13:08:42.474","58.966259013208834006","1.2472854329294809084","3.118213582323702493"
"10/09/2026 13:08:47.489","58.259757157192780141","0","0.62313402516165339318"
"10/09/2026 13:08:52.509","60.063959959162069424","0.31124043485935898312","1.2449617394374359325"
"10/09/2026 13:08:57.519","61.052223172309936672","0.93568236215692113245","1.5594706035948686651"
"10/09/2026 13:09:02.531","59.669291624495166104","0.3117349401099820394","0"
"10/09/2026 13:09:07.540","58.71112414014749703","0.62396411972699405979","2.1838744190444794313"
"10/09/2026 13:09:12.552","58.976870754054012025","0","2.4939257445779907663"
"10/09/2026 13:09:17.562","59.158385079717803023","0","0.62368486068167505731"
"10/09/2026 13:09:22.578","61.234026365736070829","0.31059368158428740658","1.5529684079214369774"
"10/09/2026 13:09:27.604","60.71871952388476501","0","2.806501832024523857"
"10/09/2026 13:09:32.624","59.361394483036548309","0","0.3112578632451475924"
"10/09/2026 13:09:37.646","58.555833052199737665","0.31109861274508399109","1.2443944509803359644"
"10/09/2026 13:09:42.665","58.760201664998049864","0","1.5565859385169176221"
"10/09/2026 13:09:47.679","60.247330597665381902","0.62326575058368582916","1.8697972517510577095"
"10/09/2026 13:09:52.694","58.921657174449535432","0","2.1809786122319927415"
"10/09/2026 13:09:57.718","59.954390194588548013","0.31103385483575229919","0.93310156450725700861"
"10/09/2026 13:10:02.734","58.982087644877935873","0.62295835366918583809","1.8688750610075572922"
"10/09/2026 13:10:07.741","58.575858843655439046","0","1.2481850141708941138"
"10/09/2026 13:10:12.762","14.228363824277378669","0","1.8673493948353836469"
"10/09/2026 13:10:17.777","7.4551107297344270108","0","0.62306678576114749024"
"10/09/2026 13:10:22.789","9.9529105531579347144","0.6235678143866293377","0.31178390719331466885"
"10/09/2026 13:10:27.798","58.591233095665963049","0","1.5596521998552401733"
"10/09/2026 13:10:32.808","48.214172594590145593","0.3118454115335581589","2.806608703802023097"
"10/09/2026 13:10:37.828","59.395118789966630857","0","2.4903807549113099462"
"10/09/2026 13:10:42.847","59.499111644876002458","0","2.4905663324685289872"
"10/09/2026 13:10:47.860","59.720589480385697811","0","3.116395320879519204"
"10/09/2026 13:10:52.878","60.832835057702816073","0","2.8025201696255601647"
"10/09/2026 13:10:57.901","59.859943364686941436","0","1.2443514656180612032"
"10/09/2026 13:11:02.918","58.1315424637825231","0.31143437124061340571","1.557171856203066973"
"10/09/2026 13:11:07.936","31.914449891503661405","0","0.93414503678329352532"
"10/09/2026 13:11:12.946","49.525388974336962633","0.31187247515529054054","3.4305972267081958904"
"10/09/2026 13:11:17.959","60.873733454887670291","0.31168546613763320474","1.8701127968257993395"
"10/09/2026 13:11:22.968","59.640829157662565763","0","2.495639518807159174"
"10/09/2026 13:11:27.982","58.970013207357418139","0.31164480924605170165","2.8048032832144653703"
"10/09/2026 13:11:33.000","60.794921910497670581","0.31138310616416187138","0.62276621232832374275"
"10/09/2026 13:11:38.019","59.958151587389195925","0","1.2452275657361111527"
"10/09/2026 13:11:43.040","59.09379645124325009","0.31114772089023895463","2.489181767121911637"
"10/09/2026 13:11:48.050","60.326814999003730122","0.31192675971659838963","1.2477070388663935585"
"10/09/2026 13:11:53.060","58.975753281682898432","0.31182326244644298363","0.93546978733932906191"
"10/09/2026 13:11:58.073","58.922266947311442209","0.62342303895450379425","1.5585575973862595411"
"10/09/2026 13:12:03.093","59.49531141834975756","0","1.8676512778111453716"
"10/09/2026 13:12:08.105","58.567867543913379791","0","1.2469581702395178269"
"10/09/2026 13:12:13.120","59.902459750099467328","0","0.93476538126771657744"
"10/09/2026 13:12:18.135","58.849718830539366365","0","1.2460931739155496345"
"10/09/2026 13:12:23.143","9.63890888413884106","0","0.93608123783269125973"
"10/09/2026 13:12:28.154","3.7161161543310949895","0","1.2471500874491665556"
"10/09/2026 13:12:33.162","44.774380943899060981","0.3120091472096098717","0.93602744162882955958"
"10/09/2026 13:12:38.173","59.456231245468039504","0","2.4944015153509160321"
"10/09/2026 13:12:43.192","59.630967927317847455","0.31135430954715931362","2.802188785924433656"
"10/09/2026 13:12:48.214","58.784911845983458534","0.31113065177540610851","0.62226130355081221701"
"10/09/2026 13:12:53.233","59.306787039236361636","0.31130356079871107644","0.31130356079871107644"
"10/09/2026 13:12:58.244","58.353623224268687864","0.62362378702678933351","0.62362378702678933351"
"10/09/2026 13:13:03.261","59.591765037825815909","0","0.93429447303479651321"
"10/09/2026 13:13:08.268","58.946598491440383327","2.8084036624179971042","3.4324933651775517696"
"10/09/2026 13:13:13.284","60.41296621680363188","0","3.4271117388970555595"
"10/09/2026 13:13:18.297","58.510070464006723512","0","1.2466457251460929534"
"10/09/2026 13:13:23.314","59.163214964555024267","0","1.5571700870825322394"
"10/09/2026 13:13:28.322","59.818809460347047491","0","1.8720671447283825373"
"10/09/2026 13:13:33.342","59.614033805110302922","0.62251969478008772896","1.2450393895601754579"
"10/09/2026 13:13:38.363","59.087257103647537804","0","1.2447899069486683121"
"10/09/2026 13:13:43.470","60.897920144106755913","0.30593314504168034329","5.2008634657085650588"
"10/09/2026 13:13:48.482","60.875280004553857793","0.31175075693582587899","1.8705045416149552739"
"10/09/2026 13:13:53.490","59.981705750999900317","0.31203349120863366206","0.93610047362590076414"
"10/09/2026 13:13:58.501","58.8612636226982886","0","1.8708283147740181196"
"10/09/2026 13:14:03.511","59.39811080570125057","0.31187240668113924702","1.8712344400868357042"
"10/09/2026 13:14:08.525","61.602381048063612923","0.3116215699564497954","1.2464862798257991816"
"10/09/2026 13:14:13.532","60.351350636188215049","0","1.5602026016690422328"
"10/09/2026 13:14:18.546","59.179740843926843752","0","2.4934350846343678043"
"10/09/2026 13:14:23.562","59.233964376460271239","0.62297665902820864581","1.8689299770846257154"
"10/09/2026 13:14:28.574","62.356023492306043465","0.31175136650350582235","1.2470054660140232894"
"10/09/2026 13:14:33.589","60.863413143252252269","0.62307001570355757814","2.1807450549624514125"
"10/09/2026 13:14:38.598","69.046311346856015234","0","0.62394839737107077315"
"10/09/2026 13:14:43.611","61.159067897750233556","0","1.8699745928796034367"
"10/09/2026 13:14:48.619","59.965172256570873799","0.3120103496778365848","2.1840724477448563157"
"10/09/2026 13:14:53.631","59.361707663772556032","1.2471113409432001973","1.2471113409432001973"
"10/09/2026 13:14:58.646","59.357197615198664664","0","1.2460547911624133555"
"10/09/2026 13:15:03.657","60.796672215874011158","0.31183357423183766244","1.8710014453910259746"
"10/09/2026 13:15:08.672","60.972478537748031613","0","3.7391638284418986515"
"10/09/2026 13:15:13.689","64.67064390641870375","0.62288673218372025975","1.2457734643674405195"
"10/09/2026 13:15:18.699","60.648744566868288075","0","1.8710849418676362976"
"10/09/2026 13:15:23.712","61.232426056599045694","0.31169908297232096217","2.8052917467508886595"
"10/09/2026 13:15:28.719","62.262861078063892251","0","0.62407672840646088996"
"10/09/2026 13:15:33.736","61.229965568899793027","0","1.5574203489383098287"
"10/09/2026 13:15:38.751","61.290844717844180423","0","0.93462751579296188265"
"10/09/2026 13:15:43.759","61.367662072045092714","0","1.8721375391453976"
"10/09/2026 13:15:48.768","60.277653111106822337","0","2.4954406801509234626"
"10/09/2026 13:15:53.776","63.124949567567533393","0.62400931033871998022","0.31200465516935999011"
"10/09/2026 13:15:58.798","60.861399098352151782","0","0.93326023607790753456"
"10/09/2026 13:16:03.809","61.545325787659010075","0.31184733471317876985","2.1829313429922514445"
"10/09/2026 13:16:08.829","59.859223596187518979","0","0.93373263160197028654"
"10/09/2026 13:16:13.842","60.165287683551113673","0.62333043436477131305","1.2466608687295426261"
"10/09/2026 13:16:18.851","58.814826467784200759","0","0.62387010884586924231"
"10/09/2026 13:16:23.859","61.711112346929006378","0","0.93601557290293313507"
"10/09/2026 13:16:28.883","60.470018321613160595","0.31103009045431834201","1.866180542725909941"
"10/09/2026 13:16:33.899","61.9883829958407091","0.3114908568412741996","2.4919268547301935968"
"10/09/2026 13:16:38.923","61.618400545592734829","0.31101827163175371771","3.4212009879492910613"
"10/09/2026 13:16:43.946","60.171565692284858073","0.93325107583690813939","1.2443347677825442599"
"10/09/2026 13:16:48.956","63.300695602828405129","0.311836891324074994","4.0538795872129753661"
"10/09/2026 13:16:53.976","60.175239644533021988","0","0.6225658794731183665"
"10/09/2026 13:16:58.982","63.065346326289287049","1.2483854381451382487","2.1846745167539918242"
"10/09/2026 13:17:03.993","60.757511038011877247","0","4.6775253642617267147"
"10/09/2026 13:17:09.002","60.412358220954146759","0","4.0552719643561712104"
"10/09/2026 13:17:14.020","61.561679451067163882","0","4.0481875519463423885"
"10/09/2026 13:17:19.035","59.479633317994327513","0.31154535648774311918","1.5577267824387155404"
"10/09/2026 13:17:24.053","61.70095106191119072","0.93412314483143443766","3.7364925793257377507"
"10/09/2026 13:17:29.064","61.314618762390928453","0.31182170671425274433","1.5591085335712637772"
"10/09/2026 13:17:34.075","59.259394074297674138","0.31181521014439345096","1.2472608405775738039"
"10/09/2026 13:17:39.091","60.174537867729746665","0.3115166913334720955","2.1806168393343048351"
"10/09/2026 13:17:44.105","61.615053451226621917","0","2.49278190072825101"
"10/09/2026 13:17:49.120","59.824561228581906391","0","1.8695308743800886919"
"10/09/2026 13:17:54.130","59.130135247544032495","0.62366983697170674805","1.5591745924292668146"
"10/09/2026 13:17:59.149","59.543519462615805082","0","0.93406017395976526085"
"10/09/2026 13:18:04.162","60.078948728942506818","0.31165494139331317847","2.8048944725398188282"
"10/09/2026 13:18:09.171","62.2499634754357416","1.5599188646514157153","1.5599188646514157153"
"10/09/2026 13:18:14.194","67.07800368406728353","0.31104336525789538781","1.8662601915473722158"
"10/09/2026 13:18:19.208","60.462550365617673265","0","1.2465009223309064801"
"10/09/2026 13:18:24.226","61.679145754065430651","0.93418027827950034236","1.2455737043726671232"
"10/09/2026 13:18:29.241","60.652476152969029499","0.31158643480488079636","1.8695186088292847781"
"10/09/2026 13:18:34.266","64.391453586557332756","0.31090681399490960324","3.1090681399490960324"
"10/09/2026 13:18:39.276","66.589079099855680965","0.93566174280038971744","1.5594362380006496771"
"10/09/2026 13:18:44.287","63.051591288204548391","0.31180091739911780513","2.1826064217938245804"
"10/09/2026 13:18:49.311","60.367140129967665985","0","0.93299520061297636087"
"10/09/2026 13:18:54.328","59.187401698112807935","0","1.8688334849032044449"
"10/09/2026 13:18:59.342","59.282902986451247784","0","2.1814469645915908202"
"10/09/2026 13:19:04.360","59.281899721174283968","0.31134509649904645867","1.868070578994278641"
"10/09/2026 13:19:09.380","64.66968970108766257","0.31128026695076943531","2.4902421356061554825"
"10/09/2026 13:19:14.401","61.185159645865681455","0.62243792102945849631","5.2907223287503972742"
"10/09/2026 13:19:19.429","60.029035431093767272","0.31075580226328869404","2.7968022203695981354"
"10/09/2026 13:19:24.445","60.292629304641451427","1.8690402660652083444","1.2460268440434723036"
"10/09/2026 13:19:29.463","61.107703567819712021","0","1.556859467013819609"
"10/09/2026 13:19:34.476","62.346654789054881007","0.31166762926252855603","1.2466705170501142241"
"10/09/2026 13:19:39.488","60.082888003681375721","0.31177631728337451555","1.5588815864168725778"
"10/09/2026 13:19:44.509","59.461955450706447834","0","2.1781055693069109047"
"10/09/2026 13:19:49.531","60.191376274553064718","0.31115681072573159183","0.93347043217719483099"
"10/09/2026 13:19:54.539","60.161041376727972363","0","1.5600179490423555784"
"10/09/2026 13:19:59.562","59.556349660804855262","0.31103023285524716846","1.5551511642762358978"
"10/09/2026 13:20:04.577","61.331253306546983595","0","1.8696548810536532947"
"10/09/2026 13:20:09.603","59.206000373540049964","0","1.554427206656406435"
"10/09/2026 13:20:14.618","59.66854486775725519","0.9345449501766424083","1.8690899003532848166"
"10/09/2026 13:20:19.635","60.297338112565348922","0","0.93440931038858632274"
"10/09/2026 13:20:24.649","59.223732674036099866","0.62328184878998860174","2.1814864707649599396"
"10/09/2026 13:20:29.658","58.323643272750544497","0","1.2475616158705487013"
"10/09/2026 13:20:34.673","60.463665323342198121","0.31161644273825994667","1.2464657709530397867"
"10/09/2026 13:20:39.692","60.493249080325661282","0","0.62261315022728869195"
"10/09/2026 13:20:44.717","61.395562329622919151","0","1.5546715447168708568"
"10/09/2026 13:20:49.737","59.566390297934610487","0.62250444194269594078","1.556261104856739852"
"10/09/2026 13:20:54.763","58.824873563235783536","0","2.7981209600480854149"
"10/09/2026 13:20:59.781","61.486316046065667251","0.62275789719787644216","1.2455157943957528843"
"10/09/2026 13:21:04.794","60.005183471635717751","0","0.93509557005879639924"
"10/09/2026 13:21:09.816","59.525274168623489857","0","1.5555984319966038587"
"10/09/2026 13:21:14.837","59.234311072553616384","0","0.93356539528503168501"
"10/09/2026 13:21:19.852","58.797016525468514203","0.62310748548294148108","1.8693224564488246653"
"10/09/2026 13:21:24.862","60.166121347640519446","0.62377494343758521644","1.2475498868751704329"
"10/09/2026 13:21:29.882","59.572943141993107474","0.31127667643607270787","2.4902134114885816629"
"10/09/2026 13:21:34.906","63.0242381067574442","0.62193132863139988231","2.4877253145255995292"
"10/09/2026 13:21:39.932","65.594813882590628396","2.7982755260185898649","2.4873560231276350407"
"10/09/2026 13:21:44.948","59.478287800579529687","0","1.5574042977301705282"
"10/09/2026 13:21:49.975","58.874193518034701356","0.31082327626909739271","0.93246982880729223364"
"10/09/2026 13:21:54.994","59.831646669355833978","0","0.62261436589107710393"
"10/09/2026 13:22:00.013","55.313310138060188592","0","0.93401310491620270771"
"10/09/2026 13:22:05.023","61.493674786563957468","0","1.5593551237734761816"
"10/09/2026 13:22:10.035","62.588374490012199658","0","0.93529063774969500855"
"10/09/2026 13:22:15.046","61.638516415133139503","0.3118027591421167477","1.5590137957105838495"
"10/09/2026 13:22:20.059","61.036709887815241871","0","0"
"10/09/2026 13:22:25.081","60.070885453916986307","0.93333211212011635283","2.7999963363603495026"
"10/09/2026 13:22:30.090","58.908939730490807563","0","1.2478423806963856446"
"10/09/2026 13:22:35.111","59.746847032716374315","0","1.8668128681491875653"
"10/09/2026 13:22:40.124","61.17325460294935624","0.93511482132753631635","1.5585247022125605643"
"10/09/2026 13:22:45.144","60.309332933807603183","0.93389804861629177601","1.867796097232583552"
"10/09/2026 13:22:50.159","60.246960067071121614","0.62311890372866773902","3.1155945186433386951"
"10/09/2026 13:22:55.175","59.311279391320525178","0.31149260177659432447","2.1804482124361599382"
"10/09/2026 13:23:00.184","60.469457763395794814","0","1.5597747615366430729"
"10/09/2026 13:23:05.206","60.623904173913267357","0.3111197793229893982","0.62223955864597879639"
"10/09/2026 13:23:10.223","59.895200116714484295","0","4.0484341204917635437"
"10/09/2026 13:23:15.241","61.074929631942879382","0","3.1140056294445703777"
"10/09/2026 13:23:20.257","58.144965924062752549","0","1.557396598235174956"
"10/09/2026 13:23:25.271","59.613737136978549813","0.31163741878853523648","1.5581870939426760714"
"10/09/2026 13:23:30.296","59.243453084539019926","0.62194064906960067063","0.93291097360440111697"
"10/09/2026 13:23:35.312","59.106378698048843034","0","0.93448881537997741109"
"10/09/2026 13:23:40.324","14.668175849949992795","0","0.62342885952537852035"
"10/09/2026 13:23:45.337","6.3662745831662874707","0","0.93507100345715954415"
"10/09/2026 13:23:50.362","6.2698209382500706965","0","1.55471996364114462"
"10/09/2026 13:23:55.386","5.8695623917582988582","0","0.31101435285954759369"
"10/09/2026 13:24:00.409","5.7194779966595943321","0","1.5554633327567417567"
"10/09/2026 13:24:05.429","49.93398350107373318","0.31121067905353555494","0.62242135810707110988"
"10/09/2026 13:24:10.451","51.894026500783297706","0","1.5558834810262571757"
"10/09/2026 13:24:15.466","59.30578228911459604","0","1.2461387394247931404"
"10/09/2026 13:24:20.485","60.014284455325835665","0","1.5566214812409528978"
"10/09/2026 13:24:25.506","59.700638693405558399","0.93357593760450452436","0.93357593760450452436"
"10/09/2026 13:24:30.524","58.10594364663857192","0.31140763185268188762","1.5570381592634094936"
"10/09/2026 13:24:35.550","58.127592711464195929","0","1.865313724280009966"
"10/09/2026 13:24:40.567","59.300547945871670663","0.31142574312759618849","0.31142574312759618849"
"10/09/2026 13:24:45.577","58.347532911843046577","0","1.5592874624126895622"
"10/09/2026 13:24:50.590","59.706468445682062907","0","1.8700406521903911727"
"10/09/2026 13:24:55.604","59.562789714294829935","0","1.5582739610177198664"
"10/09/2026 13:25:00.621","59.753680616141913617","0.31145883050468253783","2.1802118135327774873"
"10/09/2026 13:25:05.638","61.118314990300227407","0.31144278255918028675","1.5572139127959012672"
"10/09/2026 13:25:10.655","60.236449083930509119","1.2456521011669607901","1.5570651264587009877"
"10/09/2026 13:25:15.674","62.910004106679132008","0.93406076956524530797","1.8681215391304906159"
"10/09/2026 13:25:20.692","61.589090946550697936","0","2.4906769478623007608"
"10/09/2026 13:25:25.720","61.131352985246302012","0.93238131979247129699","0.62158754652831416099"
"10/09/2026 13:25:30.735","62.478459621208351393","0","1.2461746923174745749"
"10/09/2026 13:25:35.764","64.28633842947328958","0.31072245625892869203","2.1750571938125009552"
"10/09/2026 13:25:40.776","64.119770946242581999","0","2.4939827180165869969"
"10/09/2026 13:25:45.788","61.851634091116316938","0.62346664613050661874","1.8703999383915199672"
"10/09/2026 13:25:50.816","61.759207152053853918","0","2.1752000701791636139"
"10/09/2026 13:25:55.830","60.850139043603945765","0.31164068819917334352","1.2465627527966933741"
"10/09/2026 13:26:00.850","60.311510576853557097","0","2.4902581598836981414"
"10/09/2026 13:26:05.872","60.607058235307377458","0","2.1776946250733595356"
"10/09/2026 13:26:10.900","59.775544991738762235","1.243054161401254909","2.7968718631528237673"
"10/09/2026 13:26:15.923","59.717361429763890612","0","1.2442513844088374242"
"10/09/2026 13:26:20.948","59.695585036203105744","0","2.1765161676297331006"
"10/09/2026 13:26:25.960","60.475056217519032487","0","2.8058130180665625808"
"10/09/2026 13:26:30.974","45.902224636493741627","0.31163435455529048257","2.8047091909976145097"
"10/09/2026 13:26:35.991","59.717906405800036396","0","1.2457376091114165106"
"10/09/2026 13:26:41.015","59.978028285209049386","0.62200247057390911642","2.4880098822956364657"
"10/09/2026 13:26:46.031","61.854235207071653235","0","0.9346588800160600119"
"10/09/2026 13:26:51.046","59.924144910368283945","0.31157126215035696459","3.7388551458042837972"
"10/09/2026 13:26:56.057","61.010459428561937045","0.31176045432067867047","2.4940836345654293638"
"10/09/2026 13:27:01.073","59.813639359958600039","0","2.18065522852937832"
"10/09/2026 13:27:06.086","61.827012994909495092","0.62339147544374207133","1.5584786886093551228"
"10/09/2026 13:27:11.108","61.374437005458389649","0","3.7332535206870431921"
"10/09/2026 13:27:16.130","60.784203885036468762","0.62231860338721345371","1.5557965084680336343"
"10/09/2026 13:27:21.153","59.932004690078599651","0","1.5552836704033687898"
"10/09/2026 13:27:26.230","60.397072710429341669","0","1.5387247029965889222"
"10/09/2026 13:27:31.257","16.462102318705397863","0","0"
"10/09/2026 13:27:36.275","33.207833894418250509","0.62277077953922366227","1.2455415590784473245"
"10/09/2026 13:27:41.288","59.269293114485599006","0","1.5583245006669528276"
"10/09/2026 13:27:46.305","61.290606605560718378","0","3.1146608211111050935"
"10/09/2026 13:27:51.326","60.577685069528527606","0","1.8670657175267981742"
"10/09/2026 13:27:56.349","37.128219602651093112","0","1.555510283431196239"
"10/09/2026 13:28:01.359","39.064812687660655399","0","2.4947077768164174216"
"10/09/2026 13:28:06.380","47.726642931142983173","0","0.93362647710912194388"
"10/09/2026 13:28:11.386","37.383529985061677792","0.62431128476310071562","2.1850894966708525047"
"10/09/2026 13:28:16.399","60.370954167715332517","0","1.2466251861610322393"
"10/09/2026 13:28:21.417","59.895984637996072308","0","0.9342357057054088143"
"10/09/2026 13:28:26.432","60.587249164915782274","0","0.93468974312452690612"
"10/09/2026 13:28:31.454","60.220145467013786345","0.62216780504792912332","1.5554195126198229193"
"10/09/2026 13:28:36.474","59.213709699107951678","0","1.245085944597301264"
"10/09/2026 13:28:41.488","57.920615188610625523","0","0.93488102429853014996"
"10/09/2026 13:28:46.502","63.750015957005444989","0.93498078776544468749","2.4932821007078525"
"10/09/2026 13:28:51.516","61.118630302298605272","0.31159624003348207477","0.93478872010044622431"
"10/09/2026 13:28:56.530","61.032653243102139129","0","0.31166087180232454612"
"10/09/2026 13:29:01.550","59.561110725366781082","0.31121799349503603827","0.93365398048510817031"
"10/09/2026 13:29:06.570","59.779001965527925222","0.31126287325971430109","1.8675772395582861396"
"10/09/2026 13:29:11.589","61.357174363625269109","0","2.1792529224105465779"
"10/09/2026 13:29:16.613","58.725679766365736612","0.62198177125679920962","2.7989179706555966654"
"10/09/2026 13:29:21.627","60.548667490864986007","0","0.62327455166216050308"
"10/09/2026 13:29:26.649","60.285179183602856767","0.93332259738571710095","4.0443979220047738821"
"10/09/2026 13:29:31.667","61.703115730421551177","0.62287182139041885609","1.8686154641712569013"
"10/09/2026 13:29:36.687","60.55541165672171644","0","1.2447996007081216785"
"10/09/2026 13:29:41.713","62.358226579576189863","0.6218568865526085121","1.5546422163815212247"
"10/09/2026 13:29:46.729","61.243063801968901316","0","2.1801992539662133908"
"10/09/2026 13:29:51.747","59.566463768422686087","0.62280296289989656167","2.8026133330495346385"
"10/09/2026 13:29:56.769","59.577708820713311866","0","2.4893208632829333382"
"10/09/2026 13:30:01.792","60.280609866059350566","0","1.2442686992880873653"
"10/09/2026 13:30:06.807","60.629219675287316704","0","2.180775143689404949"
"10/09/2026 13:30:11.830","63.125650895543273577","0.93328169738724731097","1.555469495645412259"
"10/09/2026 13:30:16.845","59.84753374423671346","0","2.8040520641033519489"
"10/09/2026 13:30:21.860","60.697501955662716","0.93461476943756460756","2.4923060518335060642"
"10/09/2026 13:30:26.883","60.55161218952400759","0","1.8664589717576987038"
"10/09/2026 13:30:31.905","61.304963123460765928","0","1.2444634815277615392"
"10/09/2026 13:30:36.927","61.932758612483887362","0.31114986472996103428","0.93344959418988315836"
"10/09/2026 13:30:41.933","59.783260934489447891","0.31213573759422752474","1.5606786879711378457"
"10/09/2026 13:30:46.954","59.757850146580040018","0.62240154822434912152","0.62240154822434912152"
"10/09/2026 13:30:51.973","58.2490231606711788","0.31128408080062142105","3.4241248888068365197"
"10/09/2026 13:30:56.986","58.391721643367986871","0","1.558362485267116293"
"10/09/2026 13:31:02.014","62.095649403068108541","0","3.4184808714539611785"
"10/09/2026 13:31:07.026","61.980805915600200251","0","1.2471698971260436473"
"10/09/2026 13:31:12.034","59.251450270927861652","0","3.1195062375650244313"
"10/09/2026 13:31:17.045","60.200182152150837567","0","0.62369937474586745196"
"10/09/2026 13:31:22.064","60.29910022881043119","0.31130331891177126513","0.93390995673531385091"
"10/09/2026 13:31:27.074","61.842235193155183026","0.62377955035854149024","1.8713386510756244707"
"10/09/2026 13:31:32.090","61.630568863900627719","0.31147178802169006584","2.4917743041735205267"
"10/09/2026 13:31:37.103","59.471599166850566576","0.62336400610054931715","1.8700920183016480625"
"10/09/2026 13:31:42.125","59.261254776636050678","0","1.5556561706951375079"
"10/09/2026 13:31:47.137","59.739951117115687396","0.31179126727036771127","1.5589563363518386119"
"10/09/2026 13:31:52.151","63.332769210501616897","0.31164711533945055333","0.93494134601835154896"
"10/09/2026 13:31:57.165","60.951817786352215478","0","1.5580322179723866682"
"10/09/2026 13:32:02.173","59.929324083804516476","0.31198580371746109652","0.62397160743492219304"
"10/09/2026 13:32:07.195","58.930390865593238914","0","3.111334025333845954"
"10/09/2026 13:32:12.211","61.56178631890001185","0","3.7377244159641138666"
"10/09/2026 13:32:17.219","60.636554808407041151","0","1.8716645440493406838"
"10/09/2026 13:32:22.232","35.505547913976684526","0.3118027591421167477","0.93540827742635035413"
"10/09/2026 13:32:27.246","63.42488372044788747","0.31160909712695017415","1.8696545827617012669"
"10/09/2026 13:32:32.259","62.186336151136245576","0","0.62340919687958662454"
"10/09/2026 13:32:37.282","61.171702832901111435","0.31101514527313411929","3.1101514527313409708"
"10/09/2026 13:32:42.289","62.092578707036395258","0.312075489952527374","3.120754899525273629"
"10/09/2026 13:32:47.304","61.480679016187444574","0","2.1810738149759836269"
"10/09/2026 13:32:52.312","59.869495554239549051","0","2.4959692094043486321"
"10/09/2026 13:32:57.328","60.593265036732837814","0.62303138281845327207","1.8690941484553598162"
"10/09/2026 13:33:02.344","60.715966579261305469","0","2.4917523992286492174"
"10/09/2026 13:33:07.366","60.470430293565598845","0.93353964476501327674","0.62235976317667562885"
"10/09/2026 13:33:12.373","60.303203275973807251","0","1.8722144070722934739"
"10/09/2026 13:33:17.386","62.646431380659592492","0.3116855780519732777","1.5584278902598664995"
"10/09/2026 13:33:22.402","59.2369808218769478","0","0.62307934545604481968"
"10/09/2026 13:33:27.411","60.291024081939760038","0.62380325840088823863","1.5595081460022206521"
"10/09/2026 13:33:32.431","60.169388767737743251","0.31125264258473595014","0.93375792775420785041"
"10/09/2026 13:33:37.446","64.06004710163119853","0","1.2463597819121647881"
"10/09/2026 13:33:42.462","62.923721312612677536","0","1.2459342672989501821"
"10/09/2026 13:33:47.475","60.576359955281390057","0","1.8703580332116931384"
"10/09/2026 13:33:52.489","15.881832833511378311","0","1.5579241586367018613"
"10/09/2026 13:33:57.496","56.236938129718048174","0.31210562956858972639","2.1847394069801282512"
"10/09/2026 13:34:02.516","60.477784277484502695","0.93359564698855501685","2.4895883919694798969"
"10/09/2026 13:34:07.534","62.348095462389288457","0.31141405559018925375","2.8027265003117030062"
"10/09/2026 13:34:12.550","60.948666703306230374","0.62295246737119502889","2.4918098694847801156"
"10/09/2026 13:34:17.568","61.116056591619823735","0.31138292620754748352","1.8682975572452849011"
"10/09/2026 13:34:22.582","61.734686041669419865","0.31165438193241512543","0.31165438193241512543"
"10/09/2026 13:34:27.591","61.572002716865561922","0","0.62389442165116881789"
"10/09/2026 13:34:32.608","62.915285660286613734","0.93417283136037021496","1.8683456627207404299"
"10/09/2026 13:34:37.623","60.164405400746488795","1.869575687882206072","1.2463837919214708627"
"10/09/2026 13:34:42.637","61.675998640400145234","0.31165641464995380572","2.1815949025496763625"
"10/09/2026 13:34:47.658","58.89762669972861886","0","1.8669637664849914049"
"10/09/2026 13:34:52.679","60.799065739690490773","1.5559785515750677032","3.1119571031501354064"
"10/09/2026 13:34:57.699","62.359701309904949085","0","1.867425609681594878"
"10/09/2026 13:35:02.714","63.017744558594813498","0.31159353079582063906","2.8043417771623859736"
"10/09/2026 13:35:07.736","61.569307592370961402","0","1.8666058362223914013"
"10/09/2026 13:35:12.756","64.021894116922680951","0","1.5562305385278758507"
"10/09/2026 13:35:17.773","59.819323157358269327","0.62295623011847645056","1.5573905752961911819"
"10/09/2026 13:35:22.789","59.999538260123074451","0.31151492128561220074","2.1806044489992855162"
"10/09/2026 13:35:27.803","60.854938651806108396","0.31160246648757855548","1.8696147989254709998"
"10/09/2026 13:35:32.825","59.05043158571434958","0","1.244431343956184266"
"10/09/2026 13:35:37.848","59.458947644028569357","0.62221279777237870068","1.2444255955447574014"
"10/09/2026 13:35:42.863","60.402676253262185924","0","1.5577998374863331055"
"10/09/2026 13:35:47.875","60.154635672360768694","0.31174857370787750765","0.62349714741575501531"
"10/09/2026 13:35:52.887","60.273684709507115542","0.31173174335314107752","0.62346348670628215505"
"10/09/2026 13:35:57.903","59.172923401355028261","0","1.5575423116711046845"
"10/09/2026 13:36:02.912","60.15919070594502216","0.31194173659052809588","2.4955338927242247671"
"10/09/2026 13:36:07.926","60.620494878724315413","0","1.8696500711075287882"
"10/09/2026 13:36:12.936","59.230471953161291765","0","2.18321160477320797"
"10/09/2026 13:36:17.945","59.765539855419334003","0.3119706170599110262","1.559853085299555131"
"10/09/2026 13:36:22.966","61.401970550840225371","0","0.9335880048550161403"
"10/09/2026 13:36:27.979","59.367373376470091273","0.93497897878035540753","0.93497897878035540753"
"10/09/2026 13:36:32.997","58.461086346194491625","0","0.93411469362114152304"
"10/09/2026 13:36:38.010","59.019219538667002212","0","2.4937199652626804713"
"10/09/2026 13:36:43.025","58.367003722838930457","0.31156592535578336856","2.1809614774904835244"
"10/09/2026 13:36:48.042","60.250256217261480174","0.62291466856404820174","0.93437200284607213607"
"10/09/2026 13:36:53.054","61.01416754159112088","0.62346160848107301522","2.8055772381648282909"
"10/09/2026 13:36:58.063","63.577590901495653952","0","1.2478769370519160464"
"10/09/2026 13:37:03.072","62.730177674169077306","0","2.1831695086260793914"
"10/09/2026 13:37:08.092","63.775720954292062004","0.62254402646296203017","1.8676320793888860905"
"10/09/2026 13:37:13.114","60.349667326944334889","0.31113550900255909637","2.8002195810230317008"
"10/09/2026 13:37:18.133","62.891639616899539078","0","0.62268879092228535121"
"10/09/2026 13:37:23.155","60.84662983309682005","0","1.8667611244476949306"
"10/09/2026 13:37:28.176","60.968853240438413366","1.866960717792328861","2.1781208374243838932"
"10/09/2026 13:37:33.186","60.108094480971743678","0.3118839356618870462","2.1831875496332093789"
"10/09/2026 13:37:38.206","61.00765144761162162","0.3112385067587160048","1.8674310405522958067"
"10/09/2026 13:37:43.228","60.013703754930425305","0","3.7341288322243966213"
"10/09/2026 13:37:48.251","62.102786977280153735","0.31103124204817528264","2.177218694337226701"
"10/09/2026 13:37:53.261","59.598114256689335377","0","0.93572520999420405463"
"10/09/2026 13:37:58.275","60.820979864330681153","0.31164024067123141659","2.8047621660410824163"
"10/09/2026 13:38:03.291","59.743665107567665018","0","2.803148975333185966"
"10/09/2026 13:38:08.309","59.295783020796697826","0","1.2455509666800768098"
"10/09/2026 13:38:13.332","64.934260139696291958","2.177634054704437272","2.7998152131914193497"
"10/09/2026 13:38:18.352","61.130873210735913403","0.93379282381360362297","1.5563213730226725939"
"10/09/2026 13:38:23.365","59.543601420760715826","0","1.2466102672257703965"
"10/09/2026 13:38:28.381","59.369251155824322552","0","1.2459836961538177658"
"10/09/2026 13:38:33.396","60.913849198760836146","1.2463944053363549269","1.5579930066704434921"
"10/09/2026 13:38:38.418","61.730870393382453187","0","1.5556556750657537513"
"10/09/2026 13:38:43.437","61.680047590431563265","0.93392117669406138347","1.8678423533881227669"
"10/09/2026 13:38:48.449","61.623269882980835632","0","1.5588414925474807227"
"10/09/2026 13:38:53.463","60.673163483913519656","0.31157682901331645864","1.8694609740798986408"
"10/09/2026 13:38:58.486","58.976989232784823969","0","2.7996746345058358685"
"10/09/2026 13:39:03.510","64.58109049345097219","0","3.1103322949634115702"
"10/09/2026 13:39:08.534","61.899312965923193985","0","4.6653902490706293804"
"10/09/2026 13:39:13.552","62.810556543087848524","0.93411476808047644305","4.0478306616820640684"
"10/09/2026 13:39:18.568","60.97779205089202037","0","1.2459073190476601667"
"10/09/2026 13:39:23.580","60.054047440214631592","0.62142465808668456706","1.5535616452167115842"
"10/09/2026 13:39:28.607","59.300804462107862491","0","1.5593561508770936719"
"10/09/2026 13:39:33.622","59.9710976981993511","0","0.93475423421732539708"
"10/09/2026 13:39:38.642","59.26828343298345203","0","1.5561305088464101321"
"10/09/2026 13:39:43.660","63.791047184260627034","0","2.1797381269091267164"
"10/09/2026 13:39:48.681","63.5873866966451331","0","1.2448756684907646974"
"10/09/2026 13:39:53.692","60.872400872375735048","0","1.8706421893684908042"
"10/09/2026 13:39:58.709","62.705760550975128353","0.31143414156522436498","1.8686048493913458568"
"10/09/2026 13:40:03.729","60.207256441638648425","0","0.31126076506561362045"
"10/09/2026 13:40:08.745","61.281962459567161261","0.31153563521049321139","0.62307127042098642278"
"10/09/2026 13:40:13.758","59.06989520696181728","0","2.1818999356252239963"
"10/09/2026 13:40:18.783","59.695105826304775576","1.2437382505291210144","0.6218691252645605072"
"10/09/2026 13:40:23.797","60.220810193791209031","0","1.5580588467408957865"
"10/09/2026 13:40:28.814","59.638785781220214233","0.62288829655478594738","0.93433244483217881005"
"10/09/2026 13:40:33.842","59.763680572804545932","0","0.93234050224780085081"
"10/09/2026 13:40:38.864","60.041062905385132353","0","1.2444632089584943824"
"10/09/2026 13:40:43.884","59.145522401439755811","0.3112722178638577808","0.62254443572771556159"
"10/09/2026 13:40:48.901","59.04556960042188507","0","2.4915242828640673523"
"10/09/2026 13:40:53.911","61.129483254359470834","0","1.5591082224264400935"
"10/09/2026 13:40:58.929","62.915416698079674518","0","2.1797287873328250463"
