fetched_at,request,records
2026-10-03T21:10:40,all_companies,5442962
2026-10-03T21:10:42,peers_2025-01,2584
2026-10-03T21:10:44,peers_2025-02,1991
2026-10-03T21:10:46,peers_2025-03,2133
2026-10-03T21:10:47,peers_2025-04,1990
2026-10-03T21:10:49,peers_2025-05,2095
2026-10-03T21:10:50,peers_2025-06,2233
2026-10-03T21:10:52,peers_2025-07,2502
2026-10-03T21:10:54,peers_2025-08,2307
2026-10-03T21:10:55,peers_2025-09,2420
2026-10-03T21:10:57,peers_2025-10,2484
2026-10-03T21:10:59,peers_2025-11,2507
2026-10-03T21:11:01,peers_2025-12,3060
